# Blender 4.3.0
# www.blender.org
mtllib login.mtl
o KOV0368
v 4.051000 0.184000 0.000000
v 4.050334 0.201091 0.000000
v 4.048338 0.217815 0.000000
v 4.045016 0.234094 0.000000
v 4.040370 0.249852 0.000000
v 4.034406 0.265013 0.000000
v 4.027125 0.279500 0.000000
v 4.018532 0.293237 0.000000
v 4.008630 0.306148 0.000000
v 3.997422 0.318156 0.000000
v 3.984912 0.329185 0.000000
v 3.971104 0.339159 0.000000
v 3.956000 0.348000 0.000000
v 3.969857 0.357862 0.000000
v 3.982435 0.368394 0.000000
v 3.993750 0.379516 0.000000
v 4.003815 0.391148 0.000000
v 4.012644 0.403211 0.000000
v 4.020250 0.415625 0.000000
v 4.026649 0.428310 0.000000
v 4.031852 0.441185 0.000000
v 4.035875 0.454172 0.000000
v 4.038732 0.467190 0.000000
v 4.040435 0.480159 0.000000
v 4.041000 0.493000 0.000000
v 4.039242 0.520634 0.000000
v 4.034098 0.546903 0.000000
v 4.025766 0.571609 0.000000
v 4.014445 0.594556 0.000000
v 4.000332 0.615543 0.000000
v 3.983625 0.634375 0.000000
v 3.964523 0.650852 0.000000
v 3.943223 0.664778 0.000000
v 3.919922 0.675953 0.000000
v 3.894820 0.684181 0.000000
v 3.868113 0.689262 0.000000
v 3.840000 0.691000 0.000000
v 3.810890 0.689282 0.000000
v 3.783199 0.684259 0.000000
v 3.757141 0.676125 0.000000
v 3.732926 0.665074 0.000000
v 3.710767 0.651301 0.000000
v 3.690875 0.635000 0.000000
v 3.673463 0.616366 0.000000
v 3.658741 0.595593 0.000000
v 3.646922 0.572875 0.000000
v 3.638218 0.548407 0.000000
v 3.632840 0.522384 0.000000
v 3.631000 0.495000 0.000000
v 3.631620 0.480630 0.000000
v 3.633459 0.466542 0.000000
v 3.636485 0.452766 0.000000
v 3.640667 0.439333 0.000000
v 3.645974 0.426276 0.000000
v 3.652375 0.413625 0.000000
v 3.659839 0.401412 0.000000
v 3.668334 0.389667 0.000000
v 3.677828 0.378422 0.000000
v 3.688292 0.367708 0.000000
v 3.699693 0.357557 0.000000
v 3.712000 0.348000 0.000000
v 3.696437 0.338185 0.000000
v 3.682245 0.327731 0.000000
v 3.669422 0.316625 0.000000
v 3.657963 0.304852 0.000000
v 3.647865 0.292398 0.000000
v 3.639125 0.279250 0.000000
v 3.631739 0.265394 0.000000
v 3.625704 0.250815 0.000000
v 3.621016 0.235500 0.000000
v 3.617671 0.219435 0.000000
v 3.615667 0.202606 0.000000
v 3.615000 0.185000 0.000000
v 3.616961 0.158285 0.000000
v 3.622685 0.132782 0.000000
v 3.631938 0.108703 0.000000
v 3.644482 0.086259 0.000000
v 3.660081 0.065663 0.000000
v 3.678500 0.047125 0.000000
v 3.699502 0.030858 0.000000
v 3.722852 0.017074 0.000000
v 3.748313 0.005984 0.000000
v 3.775648 -0.002199 -0.000000
v 3.804623 -0.007264 -0.000000
v 3.835000 -0.009000 -0.000000
v 3.864879 -0.007284 -0.000000
v 3.893361 -0.002273 -0.000000
v 3.920219 0.005828 0.000000
v 3.945222 0.016815 0.000000
v 3.968143 0.030482 0.000000
v 3.988750 0.046625 0.000000
v 4.006816 0.065039 0.000000
v 4.022111 0.085519 0.000000
v 4.034406 0.107859 0.000000
v 4.043472 0.131857 0.000000
v 4.049079 0.157305 0.000000
v 3.943000 0.495000 0.000000
v 3.942022 0.481439 0.000000
v 3.939172 0.468347 0.000000
v 3.934578 0.455859 0.000000
v 3.928371 0.444111 0.000000
v 3.920677 0.433238 0.000000
v 3.911625 0.423375 0.000000
v 3.901345 0.414658 0.000000
v 3.889963 0.407222 0.000000
v 3.877610 0.401203 0.000000
v 3.864412 0.396736 0.000000
v 3.850500 0.393957 0.000000
v 3.836000 0.393000 0.000000
v 3.821711 0.393977 0.000000
v 3.807935 0.396815 0.000000
v 3.794812 0.401375 0.000000
v 3.782481 0.407519 0.000000
v 3.771081 0.415106 0.000000
v 3.760750 0.424000 0.000000
v 3.751627 0.434060 0.000000
v 3.743852 0.445148 0.000000
v 3.737563 0.457125 0.000000
v 3.732898 0.469852 0.000000
v 3.729998 0.483190 0.000000
v 3.729000 0.497000 0.000000
v 3.729903 0.511802 0.000000
v 3.732560 0.525662 0.000000
v 3.736891 0.538516 0.000000
v 3.742815 0.550296 0.000000
v 3.750253 0.560938 0.000000
v 3.759125 0.570375 0.000000
v 3.769351 0.578541 0.000000
v 3.780852 0.585370 0.000000
v 3.793547 0.590797 0.000000
v 3.807357 0.594755 0.000000
v 3.822201 0.597178 0.000000
v 3.838000 0.598000 0.000000
v 3.852880 0.597100 0.000000
v 3.866959 0.594468 0.000000
v 3.880141 0.590203 0.000000
v 3.892334 0.584407 0.000000
v 3.903443 0.577181 0.000000
v 3.913375 0.568625 0.000000
v 3.922037 0.558840 0.000000
v 3.929334 0.547926 0.000000
v 3.935172 0.535984 0.000000
v 3.939459 0.523116 0.000000
v 3.942100 0.509421 0.000000
v 3.953000 0.192000 0.000000
v 3.952148 0.177901 0.000000
v 3.949597 0.164208 0.000000
v 3.945359 0.151078 0.000000
v 3.939445 0.138667 0.000000
v 3.931863 0.127130 0.000000
v 3.922625 0.116625 0.000000
v 3.911742 0.107307 0.000000
v 3.899223 0.099333 0.000000
v 3.885078 0.092859 0.000000
v 3.869320 0.088042 0.000000
v 3.851957 0.085036 0.000000
v 3.833000 0.084000 0.000000
v 3.815934 0.084922 0.000000
v 3.799806 0.087625 0.000000
v 3.784719 0.092016 0.000000
v 3.770778 0.098000 0.000000
v 3.758087 0.105484 0.000000
v 3.746750 0.114375 0.000000
v 3.736871 0.124578 0.000000
v 3.728555 0.136000 0.000000
v 3.721906 0.148547 0.000000
v 3.717028 0.162125 0.000000
v 3.714024 0.176641 0.000000
v 3.713000 0.192000 0.000000
v 3.713988 0.207569 0.000000
v 3.716898 0.222222 0.000000
v 3.721657 0.235875 0.000000
v 3.728185 0.248444 0.000000
v 3.736409 0.259847 0.000000
v 3.746250 0.270000 0.000000
v 3.757633 0.278819 0.000000
v 3.770482 0.286222 0.000000
v 3.784719 0.292125 0.000000
v 3.800268 0.296444 0.000000
v 3.817054 0.299097 0.000000
v 3.835000 0.300000 0.000000
v 3.851817 0.299059 0.000000
v 3.867699 0.296306 0.000000
v 3.882547 0.291844 0.000000
v 3.896260 0.285778 0.000000
v 3.908736 0.278212 0.000000
v 3.919875 0.269250 0.000000
v 3.929577 0.258997 0.000000
v 3.937741 0.247556 0.000000
v 3.944266 0.235031 0.000000
v 3.949051 0.221528 0.000000
v 3.951996 0.207149 0.000000
v 0.285000 0.359000 0.000000
v 0.582000 0.682000 0.000000
v 0.460000 0.682000 0.000000
v 0.173000 0.370000 0.000000
v 0.173000 0.682000 0.000000
v 0.075000 0.682000 0.000000
v 0.075000 0.000000 0.000000
v 0.173000 0.000000 0.000000
v 0.173000 0.337000 0.000000
v 0.520000 0.000000 0.000000
v 0.655000 0.000000 0.000000
v 0.701000 0.341000 0.000000
v 0.703903 0.295251 0.000000
v 0.712477 0.250838 0.000000
v 0.726516 0.208266 0.000000
v 0.745815 0.168037 0.000000
v 0.770170 0.130656 0.000000
v 0.799375 0.096625 0.000000
v 0.833226 0.066448 0.000000
v 0.871519 0.040630 0.000000
v 0.914047 0.019672 0.000000
v 0.960607 0.004079 0.000000
v 1.010993 -0.005646 -0.000000
v 1.065000 -0.009000 -0.000000
v 1.120787 -0.005627 -0.000000
v 1.172542 0.004148 0.000000
v 1.220109 0.019813 0.000000
v 1.263333 0.040852 0.000000
v 1.302057 0.066752 0.000000
v 1.336125 0.097000 0.000000
v 1.365380 0.131081 0.000000
v 1.389667 0.168481 0.000000
v 1.408828 0.208688 0.000000
v 1.422709 0.251185 0.000000
v 1.431151 0.295461 0.000000
v 1.434000 0.341000 0.000000
v 1.431076 0.387800 0.000000
v 1.422440 0.432898 0.000000
v 1.408297 0.475844 0.000000
v 1.388852 0.516185 0.000000
v 1.364310 0.553471 0.000000
v 1.334875 0.587250 0.000000
v 1.300753 0.617071 0.000000
v 1.262148 0.642482 0.000000
v 1.219266 0.663031 0.000000
v 1.172310 0.678269 0.000000
v 1.121487 0.687742 0.000000
v 1.067000 0.691000 0.000000
v 1.013373 0.687723 0.000000
v 0.963153 0.678199 0.000000
v 0.916578 0.662891 0.000000
v 0.873889 0.642259 0.000000
v 0.835325 0.616767 0.000000
v 0.801125 0.586875 0.000000
v 0.771529 0.553046 0.000000
v 0.746778 0.515741 0.000000
v 0.727109 0.475422 0.000000
v 0.712764 0.432551 0.000000
v 0.703981 0.387590 0.000000
v 0.802000 0.341000 0.000000
v 0.804311 0.377626 0.000000
v 0.811074 0.412343 0.000000
v 0.822031 0.444906 0.000000
v 0.836926 0.475074 0.000000
v 0.855501 0.502603 0.000000
v 0.877500 0.527250 0.000000
v 0.902666 0.548772 0.000000
v 0.930741 0.566926 0.000000
v 0.961469 0.581469 0.000000
v 0.994593 0.592157 0.000000
v 1.029855 0.598749 0.000000
v 1.067000 0.601000 0.000000
v 1.104374 0.598749 0.000000
v 1.139829 0.592157 0.000000
v 1.173109 0.581469 0.000000
v 1.203963 0.566926 0.000000
v 1.232136 0.548772 0.000000
v 1.257375 0.527250 0.000000
v 1.279427 0.502603 0.000000
v 1.298037 0.475074 0.000000
v 1.312953 0.444906 0.000000
v 1.323921 0.412343 0.000000
v 1.330688 0.377626 0.000000
v 1.333000 0.341000 0.000000
v 1.330688 0.304584 0.000000
v 1.323921 0.270005 0.000000
v 1.312953 0.237516 0.000000
v 1.298037 0.207370 0.000000
v 1.279427 0.179822 0.000000
v 1.257375 0.155125 0.000000
v 1.232136 0.133532 0.000000
v 1.203963 0.115296 0.000000
v 1.173109 0.100672 0.000000
v 1.139829 0.089912 0.000000
v 1.104374 0.083270 0.000000
v 1.067000 0.081000 0.000000
v 1.029855 0.083270 0.000000
v 0.994593 0.089912 0.000000
v 0.961469 0.100672 0.000000
v 0.930741 0.115296 0.000000
v 0.902666 0.133532 0.000000
v 0.877500 0.155125 0.000000
v 0.855501 0.179822 0.000000
v 0.836926 0.207370 0.000000
v 0.822031 0.237516 0.000000
v 0.811074 0.270005 0.000000
v 0.804311 0.304584 0.000000
v 2.083000 0.682000 0.000000
v 1.986000 0.682000 0.000000
v 1.782000 0.203000 0.000000
v 1.577000 0.682000 0.000000
v 1.479000 0.682000 0.000000
v 1.774000 -0.006000 -0.000000
v 1.794000 -0.006000 -0.000000
v 2.553000 0.341000 0.000000
v 2.551192 0.392001 0.000000
v 2.545871 0.439843 0.000000
v 2.537188 0.484281 0.000000
v 2.525296 0.525074 0.000000
v 2.510350 0.561978 0.000000
v 2.492500 0.594750 0.000000
v 2.471901 0.623147 0.000000
v 2.448704 0.646926 0.000000
v 2.423063 0.665844 0.000000
v 2.395130 0.679658 0.000000
v 2.365058 0.688124 0.000000
v 2.333000 0.691000 0.000000
v 2.300942 0.688124 0.000000
v 2.270871 0.679657 0.000000
v 2.242938 0.665844 0.000000
v 2.217297 0.646926 0.000000
v 2.194100 0.623147 0.000000
v 2.173500 0.594750 0.000000
v 2.155651 0.561978 0.000000
v 2.140704 0.525074 0.000000
v 2.128813 0.484281 0.000000
v 2.120130 0.439843 0.000000
v 2.114808 0.392001 0.000000
v 2.113000 0.341000 0.000000
v 2.114808 0.289999 0.000000
v 2.120130 0.242157 0.000000
v 2.128813 0.197719 0.000000
v 2.140704 0.156926 0.000000
v 2.155651 0.120022 0.000000
v 2.173500 0.087250 0.000000
v 2.194100 0.058853 0.000000
v 2.217296 0.035074 0.000000
v 2.242938 0.016156 0.000000
v 2.270870 0.002343 0.000000
v 2.300942 -0.006124 -0.000000
v 2.333000 -0.009000 -0.000000
v 2.365058 -0.006124 -0.000000
v 2.395130 0.002343 0.000000
v 2.423063 0.016156 0.000000
v 2.448704 0.035074 0.000000
v 2.471900 0.058853 0.000000
v 2.492500 0.087250 0.000000
v 2.510350 0.120022 0.000000
v 2.525296 0.156926 0.000000
v 2.537187 0.197719 0.000000
v 2.545870 0.242157 0.000000
v 2.551192 0.289999 0.000000
v 2.455000 0.341000 0.000000
v 2.454051 0.302332 0.000000
v 2.451241 0.266407 0.000000
v 2.446625 0.233344 0.000000
v 2.440259 0.203259 0.000000
v 2.432199 0.176272 0.000000
v 2.422500 0.152500 0.000000
v 2.411217 0.132061 0.000000
v 2.398407 0.115074 0.000000
v 2.384125 0.101656 0.000000
v 2.368426 0.091926 0.000000
v 2.351365 0.086001 0.000000
v 2.333000 0.084000 0.000000
v 2.314635 0.086001 0.000000
v 2.297574 0.091926 0.000000
v 2.281875 0.101656 0.000000
v 2.267593 0.115074 0.000000
v 2.254782 0.132061 0.000000
v 2.243500 0.152500 0.000000
v 2.233801 0.176272 0.000000
v 2.225741 0.203259 0.000000
v 2.219375 0.233344 0.000000
v 2.214759 0.266407 0.000000
v 2.211949 0.302332 0.000000
v 2.211000 0.341000 0.000000
v 2.211949 0.379668 0.000000
v 2.214760 0.415593 0.000000
v 2.219375 0.448656 0.000000
v 2.225741 0.478741 0.000000
v 2.233801 0.505728 0.000000
v 2.243500 0.529500 0.000000
v 2.254783 0.549939 0.000000
v 2.267593 0.566926 0.000000
v 2.281876 0.580344 0.000000
v 2.297575 0.590074 0.000000
v 2.314635 0.595999 0.000000
v 2.333000 0.598000 0.000000
v 2.351366 0.595999 0.000000
v 2.368426 0.590074 0.000000
v 2.384125 0.580344 0.000000
v 2.398408 0.566926 0.000000
v 2.411218 0.549939 0.000000
v 2.422500 0.529500 0.000000
v 2.432199 0.505728 0.000000
v 2.440260 0.478741 0.000000
v 2.446625 0.448656 0.000000
v 2.451241 0.415593 0.000000
v 2.454051 0.379668 0.000000
v 2.664000 0.569000 0.000000
v 2.675449 0.573982 0.000000
v 2.686343 0.578440 0.000000
v 2.696750 0.582391 0.000000
v 2.706741 0.585852 0.000000
v 2.716385 0.588841 0.000000
v 2.725750 0.591375 0.000000
v 2.734908 0.593472 0.000000
v 2.743926 0.595148 0.000000
v 2.752875 0.596422 0.000000
v 2.761824 0.597310 0.000000
v 2.770843 0.597830 0.000000
v 2.780000 0.598000 0.000000
v 2.797447 0.597196 0.000000
v 2.813741 0.594819 0.000000
v 2.828813 0.590922 0.000000
v 2.842593 0.585556 0.000000
v 2.855012 0.578773 0.000000
v 2.866000 0.570625 0.000000
v 2.875489 0.561165 0.000000
v 2.883408 0.550444 0.000000
v 2.889688 0.538516 0.000000
v 2.894260 0.525431 0.000000
v 2.897054 0.511241 0.000000
v 2.898000 0.496000 0.000000
v 2.897063 0.481028 0.000000
v 2.894250 0.467139 0.000000
v 2.889563 0.454375 0.000000
v 2.883000 0.442778 0.000000
v 2.874563 0.432389 0.000000
v 2.864250 0.423250 0.000000
v 2.852063 0.415403 0.000000
v 2.838001 0.408889 0.000000
v 2.822063 0.403750 0.000000
v 2.804250 0.400028 0.000000
v 2.784563 0.397764 0.000000
v 2.763000 0.397000 0.000000
v 2.763000 0.307000 0.000000
v 2.786250 0.307087 0.000000
v 2.807496 0.304944 0.000000
v 2.826735 0.300719 0.000000
v 2.843963 0.294556 0.000000
v 2.859178 0.286601 0.000000
v 2.872375 0.277000 0.000000
v 2.883552 0.265899 0.000000
v 2.892704 0.253444 0.000000
v 2.899828 0.239781 0.000000
v 2.904922 0.225056 0.000000
v 2.907980 0.209413 0.000000
v 2.909000 0.193000 0.000000
v 2.908115 0.176991 0.000000
v 2.905505 0.162009 0.000000
v 2.901235 0.148125 0.000000
v 2.895371 0.135407 0.000000
v 2.887979 0.123926 0.000000
v 2.879125 0.113750 0.000000
v 2.868876 0.104949 0.000000
v 2.857297 0.097593 0.000000
v 2.844454 0.091750 0.000000
v 2.830412 0.087491 0.000000
v 2.815239 0.084884 0.000000
v 2.799000 0.084000 0.000000
v 2.786499 0.084355 0.000000
v 2.773991 0.085421 0.000000
v 2.761469 0.087203 0.000000
v 2.748926 0.089704 0.000000
v 2.736355 0.092927 0.000000
v 2.723750 0.096875 0.000000
v 2.711103 0.101553 0.000000
v 2.698407 0.106963 0.000000
v 2.685656 0.113109 0.000000
v 2.672843 0.119995 0.000000
v 2.659960 0.127624 0.000000
v 2.647000 0.136000 0.000000
v 2.647000 0.030000 0.000000
v 2.659249 0.023981 0.000000
v 2.671491 0.018431 0.000000
v 2.683719 0.013359 0.000000
v 2.695926 0.008778 0.000000
v 2.708105 0.004696 0.000000
v 2.720250 0.001125 0.000000
v 2.732353 -0.001925 -0.000000
v 2.744408 -0.004444 -0.000000
v 2.756407 -0.006422 -0.000000
v 2.768343 -0.007847 -0.000000
v 2.780210 -0.008710 -0.000000
v 2.792000 -0.009000 -0.000000
v 2.822699 -0.007257 -0.000000
v 2.851676 -0.002139 -0.000000
v 2.878750 0.006188 0.000000
v 2.903741 0.017556 0.000000
v 2.926468 0.031799 0.000000
v 2.946750 0.048750 0.000000
v 2.964408 0.068243 0.000000
v 2.979260 0.090111 0.000000
v 2.991126 0.114188 0.000000
v 2.999825 0.140306 0.000000
v 3.005177 0.168299 0.000000
v 3.007000 0.198000 0.000000
v 3.006371 0.215491 0.000000
v 3.004463 0.232847 0.000000
v 3.001250 0.249891 0.000000
v 2.996704 0.266444 0.000000
v 2.990797 0.282332 0.000000
v 2.983500 0.297375 0.000000
v 2.974787 0.311398 0.000000
v 2.964630 0.324222 0.000000
v 2.953000 0.335672 0.000000
v 2.939871 0.345569 0.000000
v 2.925213 0.353738 0.000000
v 2.909000 0.360000 0.000000
v 2.923736 0.368701 0.000000
v 2.936972 0.377861 0.000000
v 2.948750 0.387563 0.000000
v 2.959111 0.397889 0.000000
v 2.968098 0.408924 0.000000
v 2.975750 0.420750 0.000000
v 2.982111 0.433451 0.000000
v 2.987223 0.447111 0.000000
v 2.991125 0.461813 0.000000
v 2.993861 0.477639 0.000000
v 2.995472 0.494674 0.000000
v 2.996000 0.513000 0.000000
v 2.994375 0.539190 0.000000
v 2.989583 0.563685 0.000000
v 2.981750 0.586375 0.000000
v 2.971000 0.607148 0.000000
v 2.957458 0.625894 0.000000
v 2.941250 0.642500 0.000000
v 2.922500 0.656857 0.000000
v 2.901333 0.668852 0.000000
v 2.877875 0.678375 0.000000
v 2.852250 0.685315 0.000000
v 2.824583 0.689560 0.000000
v 2.795000 0.691000 0.000000
v 2.782492 0.690811 0.000000
v 2.770435 0.690241 0.000000
v 2.758781 0.689281 0.000000
v 2.747482 0.687926 0.000000
v 2.736487 0.686168 0.000000
v 2.725750 0.684000 0.000000
v 2.715221 0.681415 0.000000
v 2.704852 0.678407 0.000000
v 2.694594 0.674969 0.000000
v 2.684398 0.671093 0.000000
v 2.674217 0.666772 0.000000
v 2.664000 0.662000 0.000000
v 3.400000 0.691000 0.000000
v 3.357446 0.660466 0.000000
v 3.318320 0.627977 0.000000
v 3.282672 0.593703 0.000000
v 3.250556 0.557815 0.000000
v 3.222023 0.520482 0.000000
v 3.197125 0.481875 0.000000
v 3.175915 0.442164 0.000000
v 3.158444 0.401519 0.000000
v 3.144766 0.360109 0.000000
v 3.134931 0.318107 0.000000
v 3.128991 0.275680 0.000000
v 3.127000 0.233000 0.000000
v 3.128827 0.197988 0.000000
v 3.134199 0.165074 0.000000
v 3.142953 0.134438 0.000000
v 3.154926 0.106259 0.000000
v 3.169954 0.080720 0.000000
v 3.187875 0.058000 0.000000
v 3.208525 0.038280 0.000000
v 3.231741 0.021741 0.000000
v 3.257359 0.008563 0.000000
v 3.285218 -0.001074 -0.000000
v 3.315152 -0.006988 -0.000000
v 3.347000 -0.009000 -0.000000
v 3.373852 -0.007106 -0.000000
v 3.399736 -0.001597 -0.000000
v 3.424391 0.007266 0.000000
v 3.447556 0.019222 0.000000
v 3.468971 0.034012 0.000000
v 3.488375 0.051375 0.000000
v 3.505509 0.071050 0.000000
v 3.520111 0.092778 0.000000
v 3.531922 0.116297 0.000000
v 3.540681 0.141347 0.000000
v 3.546127 0.167668 0.000000
v 3.548000 0.195000 0.000000
v 3.546324 0.222653 0.000000
v 3.541422 0.248977 0.000000
v 3.533485 0.273766 0.000000
v 3.522704 0.296815 0.000000
v 3.509270 0.317920 0.000000
v 3.493375 0.336875 0.000000
v 3.475209 0.353476 0.000000
v 3.454963 0.367518 0.000000
v 3.432828 0.378797 0.000000
v 3.408995 0.387106 0.000000
v 3.383656 0.392242 0.000000
v 3.357000 0.394000 0.000000
v 3.345957 0.393716 0.000000
v 3.335324 0.392898 0.000000
v 3.325094 0.391594 0.000000
v 3.315259 0.389852 0.000000
v 3.305814 0.387721 0.000000
v 3.296750 0.385250 0.000000
v 3.288061 0.382487 0.000000
v 3.279741 0.379482 0.000000
v 3.271781 0.376281 0.000000
v 3.264176 0.372935 0.000000
v 3.256918 0.369492 0.000000
v 3.250000 0.366000 0.000000
v 3.258161 0.389806 0.000000
v 3.268537 0.413616 0.000000
v 3.280969 0.437266 0.000000
v 3.295296 0.460593 0.000000
v 3.311360 0.483433 0.000000
v 3.329000 0.505625 0.000000
v 3.348057 0.527004 0.000000
v 3.368371 0.547407 0.000000
v 3.389782 0.566672 0.000000
v 3.412130 0.584634 0.000000
v 3.435256 0.601131 0.000000
v 3.459000 0.616000 0.000000
v 3.229000 0.265000 0.000000
v 3.239356 0.271590 0.000000
v 3.249014 0.277389 0.000000
v 3.258110 0.282438 0.000000
v 3.266778 0.286778 0.000000
v 3.275155 0.290451 0.000000
v 3.283375 0.293500 0.000000
v 3.291575 0.295965 0.000000
v 3.299889 0.297889 0.000000
v 3.308453 0.299313 0.000000
v 3.317403 0.300278 0.000000
v 3.326874 0.300826 0.000000
v 3.337000 0.301000 0.000000
v 3.352878 0.300080 0.000000
v 3.367940 0.297389 0.000000
v 3.382078 0.293031 0.000000
v 3.395185 0.287111 0.000000
v 3.407153 0.279733 0.000000
v 3.417875 0.271000 0.000000
v 3.427243 0.261017 0.000000
v 3.435148 0.249889 0.000000
v 3.441484 0.237719 0.000000
v 3.446144 0.224611 0.000000
v 3.449018 0.210670 0.000000
v 3.450000 0.196000 0.000000
v 3.449097 0.179722 0.000000
v 3.446440 0.164440 0.000000
v 3.442110 0.150234 0.000000
v 3.436185 0.137185 0.000000
v 3.428747 0.125372 0.000000
v 3.419875 0.114875 0.000000
v 3.409649 0.105774 0.000000
v 3.398148 0.098148 0.000000
v 3.385453 0.092078 0.000000
v 3.371644 0.087644 0.000000
v 3.356799 0.084924 0.000000
v 3.341000 0.084000 0.000000
v 3.323385 0.085422 0.000000
v 3.306246 0.089630 0.000000
v 3.289891 0.096531 0.000000
v 3.274630 0.106037 0.000000
v 3.260772 0.118057 0.000000
v 3.248625 0.132500 0.000000
v 3.238499 0.149277 0.000000
v 3.230704 0.168296 0.000000
v 3.225547 0.189469 0.000000
v 3.223338 0.212704 0.000000
v 3.224386 0.237911 0.000000
v 4.051000 0.184000 0.200000
v 4.050334 0.201091 0.200000
v 4.048338 0.217815 0.200000
v 4.045016 0.234094 0.200000
v 4.040370 0.249852 0.200000
v 4.034406 0.265013 0.200000
v 4.027125 0.279500 0.200000
v 4.018532 0.293237 0.200000
v 4.008630 0.306148 0.200000
v 3.997422 0.318156 0.200000
v 3.984912 0.329185 0.200000
v 3.971104 0.339159 0.200000
v 3.956000 0.348000 0.200000
v 3.969857 0.357862 0.200000
v 3.982435 0.368394 0.200000
v 3.993750 0.379516 0.200000
v 4.003815 0.391148 0.200000
v 4.012644 0.403211 0.200000
v 4.020250 0.415625 0.200000
v 4.026649 0.428310 0.200000
v 4.031852 0.441185 0.200000
v 4.035875 0.454172 0.200000
v 4.038732 0.467190 0.200000
v 4.040435 0.480159 0.200000
v 4.041000 0.493000 0.200000
v 4.039242 0.520634 0.200000
v 4.034098 0.546903 0.200000
v 4.025766 0.571609 0.200000
v 4.014445 0.594556 0.200000
v 4.000332 0.615543 0.200000
v 3.983625 0.634375 0.200000
v 3.964523 0.650852 0.200000
v 3.943223 0.664778 0.200000
v 3.919922 0.675953 0.200000
v 3.894820 0.684181 0.200000
v 3.868113 0.689262 0.200000
v 3.840000 0.691000 0.200000
v 3.810890 0.689282 0.200000
v 3.783199 0.684259 0.200000
v 3.757141 0.676125 0.200000
v 3.732926 0.665074 0.200000
v 3.710767 0.651301 0.200000
v 3.690875 0.635000 0.200000
v 3.673463 0.616366 0.200000
v 3.658741 0.595593 0.200000
v 3.646922 0.572875 0.200000
v 3.638218 0.548407 0.200000
v 3.632840 0.522384 0.200000
v 3.631000 0.495000 0.200000
v 3.631620 0.480630 0.200000
v 3.633459 0.466542 0.200000
v 3.636485 0.452766 0.200000
v 3.640667 0.439333 0.200000
v 3.645974 0.426276 0.200000
v 3.652375 0.413625 0.200000
v 3.659839 0.401412 0.200000
v 3.668334 0.389667 0.200000
v 3.677828 0.378422 0.200000
v 3.688292 0.367708 0.200000
v 3.699693 0.357557 0.200000
v 3.712000 0.348000 0.200000
v 3.696437 0.338185 0.200000
v 3.682245 0.327731 0.200000
v 3.669422 0.316625 0.200000
v 3.657963 0.304852 0.200000
v 3.647865 0.292398 0.200000
v 3.639125 0.279250 0.200000
v 3.631739 0.265394 0.200000
v 3.625704 0.250815 0.200000
v 3.621016 0.235500 0.200000
v 3.617671 0.219435 0.200000
v 3.615667 0.202606 0.200000
v 3.615000 0.185000 0.200000
v 3.616961 0.158285 0.200000
v 3.622685 0.132782 0.200000
v 3.631938 0.108703 0.200000
v 3.644482 0.086259 0.200000
v 3.660081 0.065663 0.200000
v 3.678500 0.047125 0.200000
v 3.699502 0.030858 0.200000
v 3.722852 0.017074 0.200000
v 3.748313 0.005984 0.200000
v 3.775648 -0.002199 0.200000
v 3.804623 -0.007264 0.200000
v 3.835000 -0.009000 0.200000
v 3.864879 -0.007284 0.200000
v 3.893361 -0.002273 0.200000
v 3.920219 0.005828 0.200000
v 3.945222 0.016815 0.200000
v 3.968143 0.030482 0.200000
v 3.988750 0.046625 0.200000
v 4.006816 0.065039 0.200000
v 4.022111 0.085519 0.200000
v 4.034406 0.107859 0.200000
v 4.043472 0.131856 0.200000
v 4.049079 0.157305 0.200000
v 3.943000 0.495000 0.200000
v 3.942022 0.481439 0.200000
v 3.939172 0.468347 0.200000
v 3.934578 0.455859 0.200000
v 3.928371 0.444111 0.200000
v 3.920677 0.433238 0.200000
v 3.911625 0.423375 0.200000
v 3.901345 0.414658 0.200000
v 3.889963 0.407222 0.200000
v 3.877610 0.401203 0.200000
v 3.864412 0.396736 0.200000
v 3.850500 0.393957 0.200000
v 3.836000 0.393000 0.200000
v 3.821711 0.393977 0.200000
v 3.807935 0.396815 0.200000
v 3.794812 0.401375 0.200000
v 3.782481 0.407519 0.200000
v 3.771081 0.415106 0.200000
v 3.760750 0.424000 0.200000
v 3.751627 0.434060 0.200000
v 3.743852 0.445148 0.200000
v 3.737563 0.457125 0.200000
v 3.732898 0.469852 0.200000
v 3.729998 0.483190 0.200000
v 3.729000 0.497000 0.200000
v 3.729903 0.511802 0.200000
v 3.732560 0.525662 0.200000
v 3.736891 0.538516 0.200000
v 3.742815 0.550296 0.200000
v 3.750253 0.560938 0.200000
v 3.759125 0.570375 0.200000
v 3.769351 0.578541 0.200000
v 3.780852 0.585370 0.200000
v 3.793547 0.590797 0.200000
v 3.807357 0.594755 0.200000
v 3.822201 0.597178 0.200000
v 3.838000 0.598000 0.200000
v 3.852880 0.597100 0.200000
v 3.866959 0.594468 0.200000
v 3.880141 0.590203 0.200000
v 3.892334 0.584407 0.200000
v 3.903443 0.577181 0.200000
v 3.913375 0.568625 0.200000
v 3.922037 0.558840 0.200000
v 3.929334 0.547926 0.200000
v 3.935172 0.535984 0.200000
v 3.939459 0.523116 0.200000
v 3.942100 0.509421 0.200000
v 3.953000 0.192000 0.200000
v 3.952148 0.177901 0.200000
v 3.949597 0.164208 0.200000
v 3.945359 0.151078 0.200000
v 3.939445 0.138667 0.200000
v 3.931863 0.127130 0.200000
v 3.922625 0.116625 0.200000
v 3.911742 0.107307 0.200000
v 3.899223 0.099333 0.200000
v 3.885078 0.092859 0.200000
v 3.869320 0.088042 0.200000
v 3.851957 0.085036 0.200000
v 3.833000 0.084000 0.200000
v 3.815934 0.084922 0.200000
v 3.799806 0.087625 0.200000
v 3.784719 0.092016 0.200000
v 3.770778 0.098000 0.200000
v 3.758087 0.105484 0.200000
v 3.746750 0.114375 0.200000
v 3.736871 0.124578 0.200000
v 3.728555 0.136000 0.200000
v 3.721906 0.148547 0.200000
v 3.717028 0.162125 0.200000
v 3.714024 0.176641 0.200000
v 3.713000 0.192000 0.200000
v 3.713988 0.207569 0.200000
v 3.716898 0.222222 0.200000
v 3.721657 0.235875 0.200000
v 3.728185 0.248444 0.200000
v 3.736409 0.259847 0.200000
v 3.746250 0.270000 0.200000
v 3.757633 0.278819 0.200000
v 3.770482 0.286222 0.200000
v 3.784719 0.292125 0.200000
v 3.800268 0.296444 0.200000
v 3.817054 0.299097 0.200000
v 3.835000 0.300000 0.200000
v 3.851817 0.299059 0.200000
v 3.867699 0.296306 0.200000
v 3.882547 0.291844 0.200000
v 3.896260 0.285778 0.200000
v 3.908736 0.278212 0.200000
v 3.919875 0.269250 0.200000
v 3.929577 0.258997 0.200000
v 3.937741 0.247556 0.200000
v 3.944266 0.235031 0.200000
v 3.949051 0.221528 0.200000
v 3.951996 0.207149 0.200000
v 0.285000 0.359000 0.200000
v 0.582000 0.682000 0.200000
v 0.460000 0.682000 0.200000
v 0.173000 0.370000 0.200000
v 0.173000 0.682000 0.200000
v 0.075000 0.682000 0.200000
v 0.075000 -0.000000 0.200000
v 0.173000 -0.000000 0.200000
v 0.173000 0.337000 0.200000
v 0.520000 -0.000000 0.200000
v 0.655000 -0.000000 0.200000
v 0.701000 0.341000 0.200000
v 0.703903 0.295251 0.200000
v 0.712477 0.250838 0.200000
v 0.726516 0.208266 0.200000
v 0.745815 0.168037 0.200000
v 0.770170 0.130656 0.200000
v 0.799375 0.096625 0.200000
v 0.833226 0.066448 0.200000
v 0.871519 0.040630 0.200000
v 0.914047 0.019672 0.200000
v 0.960607 0.004079 0.200000
v 1.010993 -0.005646 0.200000
v 1.065000 -0.009000 0.200000
v 1.120787 -0.005627 0.200000
v 1.172542 0.004148 0.200000
v 1.220109 0.019812 0.200000
v 1.263333 0.040852 0.200000
v 1.302057 0.066752 0.200000
v 1.336125 0.097000 0.200000
v 1.365380 0.131081 0.200000
v 1.389667 0.168481 0.200000
v 1.408828 0.208687 0.200000
v 1.422709 0.251185 0.200000
v 1.431151 0.295461 0.200000
v 1.434000 0.341000 0.200000
v 1.431076 0.387800 0.200000
v 1.422440 0.432898 0.200000
v 1.408297 0.475844 0.200000
v 1.388852 0.516185 0.200000
v 1.364310 0.553471 0.200000
v 1.334875 0.587250 0.200000
v 1.300753 0.617071 0.200000
v 1.262148 0.642482 0.200000
v 1.219266 0.663031 0.200000
v 1.172310 0.678269 0.200000
v 1.121487 0.687742 0.200000
v 1.067000 0.691000 0.200000
v 1.013373 0.687723 0.200000
v 0.963153 0.678199 0.200000
v 0.916578 0.662891 0.200000
v 0.873889 0.642259 0.200000
v 0.835325 0.616767 0.200000
v 0.801125 0.586875 0.200000
v 0.771529 0.553046 0.200000
v 0.746778 0.515741 0.200000
v 0.727109 0.475422 0.200000
v 0.712764 0.432551 0.200000
v 0.703981 0.387590 0.200000
v 0.802000 0.341000 0.200000
v 0.804311 0.377626 0.200000
v 0.811074 0.412343 0.200000
v 0.822031 0.444906 0.200000
v 0.836926 0.475074 0.200000
v 0.855501 0.502603 0.200000
v 0.877500 0.527250 0.200000
v 0.902666 0.548772 0.200000
v 0.930741 0.566926 0.200000
v 0.961469 0.581469 0.200000
v 0.994593 0.592157 0.200000
v 1.029855 0.598749 0.200000
v 1.067000 0.601000 0.200000
v 1.104374 0.598749 0.200000
v 1.139829 0.592157 0.200000
v 1.173109 0.581469 0.200000
v 1.203963 0.566926 0.200000
v 1.232136 0.548772 0.200000
v 1.257375 0.527250 0.200000
v 1.279427 0.502603 0.200000
v 1.298037 0.475074 0.200000
v 1.312953 0.444906 0.200000
v 1.323921 0.412343 0.200000
v 1.330688 0.377626 0.200000
v 1.333000 0.341000 0.200000
v 1.330688 0.304584 0.200000
v 1.323921 0.270005 0.200000
v 1.312953 0.237516 0.200000
v 1.298037 0.207370 0.200000
v 1.279427 0.179822 0.200000
v 1.257375 0.155125 0.200000
v 1.232136 0.133532 0.200000
v 1.203963 0.115296 0.200000
v 1.173109 0.100672 0.200000
v 1.139829 0.089912 0.200000
v 1.104374 0.083270 0.200000
v 1.067000 0.081000 0.200000
v 1.029855 0.083270 0.200000
v 0.994593 0.089912 0.200000
v 0.961469 0.100672 0.200000
v 0.930741 0.115296 0.200000
v 0.902666 0.133532 0.200000
v 0.877500 0.155125 0.200000
v 0.855501 0.179822 0.200000
v 0.836926 0.207370 0.200000
v 0.822031 0.237516 0.200000
v 0.811074 0.270005 0.200000
v 0.804311 0.304584 0.200000
v 2.083000 0.682000 0.200000
v 1.986000 0.682000 0.200000
v 1.782000 0.203000 0.200000
v 1.577000 0.682000 0.200000
v 1.479000 0.682000 0.200000
v 1.774000 -0.006000 0.200000
v 1.794000 -0.006000 0.200000
v 2.553000 0.341000 0.200000
v 2.551192 0.392001 0.200000
v 2.545871 0.439843 0.200000
v 2.537188 0.484281 0.200000
v 2.525296 0.525074 0.200000
v 2.510350 0.561978 0.200000
v 2.492500 0.594750 0.200000
v 2.471901 0.623147 0.200000
v 2.448704 0.646926 0.200000
v 2.423063 0.665844 0.200000
v 2.395130 0.679658 0.200000
v 2.365058 0.688124 0.200000
v 2.333000 0.691000 0.200000
v 2.300942 0.688124 0.200000
v 2.270871 0.679657 0.200000
v 2.242938 0.665844 0.200000
v 2.217297 0.646926 0.200000
v 2.194100 0.623147 0.200000
v 2.173500 0.594750 0.200000
v 2.155651 0.561978 0.200000
v 2.140704 0.525074 0.200000
v 2.128813 0.484281 0.200000
v 2.120130 0.439843 0.200000
v 2.114808 0.392001 0.200000
v 2.113000 0.341000 0.200000
v 2.114808 0.289999 0.200000
v 2.120130 0.242157 0.200000
v 2.128813 0.197719 0.200000
v 2.140704 0.156926 0.200000
v 2.155651 0.120022 0.200000
v 2.173500 0.087250 0.200000
v 2.194100 0.058853 0.200000
v 2.217296 0.035074 0.200000
v 2.242938 0.016156 0.200000
v 2.270870 0.002343 0.200000
v 2.300942 -0.006124 0.200000
v 2.333000 -0.009000 0.200000
v 2.365058 -0.006124 0.200000
v 2.395130 0.002343 0.200000
v 2.423063 0.016156 0.200000
v 2.448704 0.035074 0.200000
v 2.471900 0.058853 0.200000
v 2.492500 0.087250 0.200000
v 2.510350 0.120022 0.200000
v 2.525296 0.156926 0.200000
v 2.537187 0.197719 0.200000
v 2.545870 0.242157 0.200000
v 2.551192 0.289999 0.200000
v 2.455000 0.341000 0.200000
v 2.454051 0.302332 0.200000
v 2.451241 0.266407 0.200000
v 2.446625 0.233344 0.200000
v 2.440259 0.203259 0.200000
v 2.432199 0.176272 0.200000
v 2.422500 0.152500 0.200000
v 2.411217 0.132061 0.200000
v 2.398407 0.115074 0.200000
v 2.384125 0.101656 0.200000
v 2.368426 0.091926 0.200000
v 2.351365 0.086001 0.200000
v 2.333000 0.084000 0.200000
v 2.314635 0.086001 0.200000
v 2.297574 0.091926 0.200000
v 2.281875 0.101656 0.200000
v 2.267593 0.115074 0.200000
v 2.254782 0.132061 0.200000
v 2.243500 0.152500 0.200000
v 2.233801 0.176272 0.200000
v 2.225741 0.203259 0.200000
v 2.219375 0.233344 0.200000
v 2.214759 0.266407 0.200000
v 2.211949 0.302332 0.200000
v 2.211000 0.341000 0.200000
v 2.211949 0.379668 0.200000
v 2.214760 0.415593 0.200000
v 2.219375 0.448656 0.200000
v 2.225741 0.478741 0.200000
v 2.233801 0.505728 0.200000
v 2.243500 0.529500 0.200000
v 2.254783 0.549939 0.200000
v 2.267593 0.566926 0.200000
v 2.281876 0.580344 0.200000
v 2.297575 0.590074 0.200000
v 2.314635 0.595999 0.200000
v 2.333000 0.598000 0.200000
v 2.351366 0.595999 0.200000
v 2.368426 0.590074 0.200000
v 2.384125 0.580344 0.200000
v 2.398408 0.566926 0.200000
v 2.411218 0.549939 0.200000
v 2.422500 0.529500 0.200000
v 2.432199 0.505728 0.200000
v 2.440260 0.478741 0.200000
v 2.446625 0.448656 0.200000
v 2.451241 0.415593 0.200000
v 2.454051 0.379668 0.200000
v 2.664000 0.569000 0.200000
v 2.675449 0.573982 0.200000
v 2.686343 0.578440 0.200000
v 2.696750 0.582391 0.200000
v 2.706741 0.585852 0.200000
v 2.716385 0.588841 0.200000
v 2.725750 0.591375 0.200000
v 2.734908 0.593472 0.200000
v 2.743926 0.595148 0.200000
v 2.752875 0.596422 0.200000
v 2.761824 0.597310 0.200000
v 2.770843 0.597830 0.200000
v 2.780000 0.598000 0.200000
v 2.797447 0.597196 0.200000
v 2.813741 0.594819 0.200000
v 2.828813 0.590922 0.200000
v 2.842593 0.585556 0.200000
v 2.855012 0.578773 0.200000
v 2.866000 0.570625 0.200000
v 2.875489 0.561165 0.200000
v 2.883408 0.550444 0.200000
v 2.889688 0.538516 0.200000
v 2.894260 0.525431 0.200000
v 2.897054 0.511241 0.200000
v 2.898000 0.496000 0.200000
v 2.897063 0.481028 0.200000
v 2.894250 0.467139 0.200000
v 2.889563 0.454375 0.200000
v 2.883000 0.442778 0.200000
v 2.874563 0.432389 0.200000
v 2.864250 0.423250 0.200000
v 2.852063 0.415403 0.200000
v 2.838001 0.408889 0.200000
v 2.822063 0.403750 0.200000
v 2.804250 0.400028 0.200000
v 2.784563 0.397764 0.200000
v 2.763000 0.397000 0.200000
v 2.763000 0.307000 0.200000
v 2.786250 0.307087 0.200000
v 2.807496 0.304944 0.200000
v 2.826735 0.300719 0.200000
v 2.843963 0.294556 0.200000
v 2.859178 0.286601 0.200000
v 2.872375 0.277000 0.200000
v 2.883552 0.265899 0.200000
v 2.892704 0.253444 0.200000
v 2.899828 0.239781 0.200000
v 2.904922 0.225056 0.200000
v 2.907980 0.209413 0.200000
v 2.909000 0.193000 0.200000
v 2.908115 0.176991 0.200000
v 2.905505 0.162009 0.200000
v 2.901235 0.148125 0.200000
v 2.895371 0.135407 0.200000
v 2.887979 0.123926 0.200000
v 2.879125 0.113750 0.200000
v 2.868876 0.104949 0.200000
v 2.857297 0.097593 0.200000
v 2.844454 0.091750 0.200000
v 2.830412 0.087491 0.200000
v 2.815239 0.084884 0.200000
v 2.799000 0.084000 0.200000
v 2.786499 0.084355 0.200000
v 2.773991 0.085421 0.200000
v 2.761469 0.087203 0.200000
v 2.748926 0.089704 0.200000
v 2.736355 0.092927 0.200000
v 2.723750 0.096875 0.200000
v 2.711103 0.101553 0.200000
v 2.698407 0.106963 0.200000
v 2.685656 0.113109 0.200000
v 2.672843 0.119995 0.200000
v 2.659960 0.127624 0.200000
v 2.647000 0.136000 0.200000
v 2.647000 0.030000 0.200000
v 2.659249 0.023981 0.200000
v 2.671491 0.018431 0.200000
v 2.683719 0.013359 0.200000
v 2.695926 0.008778 0.200000
v 2.708105 0.004696 0.200000
v 2.720250 0.001125 0.200000
v 2.732353 -0.001925 0.200000
v 2.744408 -0.004444 0.200000
v 2.756407 -0.006422 0.200000
v 2.768343 -0.007847 0.200000
v 2.780210 -0.008710 0.200000
v 2.792000 -0.009000 0.200000
v 2.822699 -0.007257 0.200000
v 2.851676 -0.002139 0.200000
v 2.878750 0.006187 0.200000
v 2.903741 0.017556 0.200000
v 2.926468 0.031799 0.200000
v 2.946750 0.048750 0.200000
v 2.964408 0.068243 0.200000
v 2.979260 0.090111 0.200000
v 2.991126 0.114188 0.200000
v 2.999825 0.140306 0.200000
v 3.005177 0.168299 0.200000
v 3.007000 0.198000 0.200000
v 3.006371 0.215491 0.200000
v 3.004463 0.232847 0.200000
v 3.001250 0.249891 0.200000
v 2.996704 0.266444 0.200000
v 2.990797 0.282332 0.200000
v 2.983500 0.297375 0.200000
v 2.974787 0.311398 0.200000
v 2.964630 0.324222 0.200000
v 2.953000 0.335672 0.200000
v 2.939871 0.345569 0.200000
v 2.925213 0.353738 0.200000
v 2.909000 0.360000 0.200000
v 2.923736 0.368701 0.200000
v 2.936972 0.377861 0.200000
v 2.948750 0.387563 0.200000
v 2.959111 0.397889 0.200000
v 2.968098 0.408924 0.200000
v 2.975750 0.420750 0.200000
v 2.982111 0.433451 0.200000
v 2.987223 0.447111 0.200000
v 2.991125 0.461813 0.200000
v 2.993861 0.477639 0.200000
v 2.995472 0.494674 0.200000
v 2.996000 0.513000 0.200000
v 2.994375 0.539190 0.200000
v 2.989583 0.563685 0.200000
v 2.981750 0.586375 0.200000
v 2.971000 0.607148 0.200000
v 2.957458 0.625894 0.200000
v 2.941250 0.642500 0.200000
v 2.922500 0.656857 0.200000
v 2.901333 0.668852 0.200000
v 2.877875 0.678375 0.200000
v 2.852250 0.685315 0.200000
v 2.824583 0.689560 0.200000
v 2.795000 0.691000 0.200000
v 2.782492 0.690811 0.200000
v 2.770435 0.690241 0.200000
v 2.758781 0.689281 0.200000
v 2.747482 0.687926 0.200000
v 2.736487 0.686168 0.200000
v 2.725750 0.684000 0.200000
v 2.715221 0.681415 0.200000
v 2.704852 0.678407 0.200000
v 2.694594 0.674969 0.200000
v 2.684398 0.671093 0.200000
v 2.674217 0.666772 0.200000
v 2.664000 0.662000 0.200000
v 3.400000 0.691000 0.200000
v 3.357446 0.660466 0.200000
v 3.318320 0.627977 0.200000
v 3.282672 0.593703 0.200000
v 3.250556 0.557815 0.200000
v 3.222023 0.520482 0.200000
v 3.197125 0.481875 0.200000
v 3.175915 0.442164 0.200000
v 3.158444 0.401519 0.200000
v 3.144766 0.360109 0.200000
v 3.134931 0.318107 0.200000
v 3.128991 0.275680 0.200000
v 3.127000 0.233000 0.200000
v 3.128827 0.197988 0.200000
v 3.134199 0.165074 0.200000
v 3.142953 0.134437 0.200000
v 3.154926 0.106259 0.200000
v 3.169954 0.080720 0.200000
v 3.187875 0.058000 0.200000
v 3.208525 0.038280 0.200000
v 3.231741 0.021741 0.200000
v 3.257359 0.008563 0.200000
v 3.285218 -0.001074 0.200000
v 3.315152 -0.006988 0.200000
v 3.347000 -0.009000 0.200000
v 3.373852 -0.007106 0.200000
v 3.399736 -0.001597 0.200000
v 3.424391 0.007266 0.200000
v 3.447556 0.019222 0.200000
v 3.468971 0.034012 0.200000
v 3.488375 0.051375 0.200000
v 3.505509 0.071050 0.200000
v 3.520111 0.092778 0.200000
v 3.531922 0.116297 0.200000
v 3.540681 0.141347 0.200000
v 3.546127 0.167668 0.200000
v 3.548000 0.195000 0.200000
v 3.546324 0.222653 0.200000
v 3.541422 0.248977 0.200000
v 3.533485 0.273766 0.200000
v 3.522704 0.296815 0.200000
v 3.509270 0.317920 0.200000
v 3.493375 0.336875 0.200000
v 3.475209 0.353476 0.200000
v 3.454963 0.367518 0.200000
v 3.432828 0.378797 0.200000
v 3.408995 0.387106 0.200000
v 3.383656 0.392242 0.200000
v 3.357000 0.394000 0.200000
v 3.345957 0.393716 0.200000
v 3.335324 0.392898 0.200000
v 3.325094 0.391594 0.200000
v 3.315259 0.389852 0.200000
v 3.305814 0.387721 0.200000
v 3.296750 0.385250 0.200000
v 3.288061 0.382487 0.200000
v 3.279741 0.379482 0.200000
v 3.271781 0.376281 0.200000
v 3.264176 0.372935 0.200000
v 3.256918 0.369492 0.200000
v 3.250000 0.366000 0.200000
v 3.258161 0.389806 0.200000
v 3.268537 0.413616 0.200000
v 3.280969 0.437266 0.200000
v 3.295296 0.460593 0.200000
v 3.311360 0.483433 0.200000
v 3.329000 0.505625 0.200000
v 3.348057 0.527004 0.200000
v 3.368371 0.547407 0.200000
v 3.389782 0.566672 0.200000
v 3.412130 0.584634 0.200000
v 3.435256 0.601131 0.200000
v 3.459000 0.616000 0.200000
v 3.229000 0.265000 0.200000
v 3.239356 0.271590 0.200000
v 3.249014 0.277389 0.200000
v 3.258110 0.282438 0.200000
v 3.266778 0.286778 0.200000
v 3.275155 0.290451 0.200000
v 3.283375 0.293500 0.200000
v 3.291575 0.295965 0.200000
v 3.299889 0.297889 0.200000
v 3.308453 0.299313 0.200000
v 3.317403 0.300278 0.200000
v 3.326874 0.300826 0.200000
v 3.337000 0.301000 0.200000
v 3.352878 0.300080 0.200000
v 3.367940 0.297389 0.200000
v 3.382078 0.293031 0.200000
v 3.395185 0.287111 0.200000
v 3.407153 0.279733 0.200000
v 3.417875 0.271000 0.200000
v 3.427243 0.261017 0.200000
v 3.435148 0.249889 0.200000
v 3.441484 0.237719 0.200000
v 3.446144 0.224611 0.200000
v 3.449018 0.210670 0.200000
v 3.450000 0.196000 0.200000
v 3.449097 0.179722 0.200000
v 3.446440 0.164440 0.200000
v 3.442110 0.150234 0.200000
v 3.436185 0.137185 0.200000
v 3.428747 0.125372 0.200000
v 3.419875 0.114875 0.200000
v 3.409649 0.105774 0.200000
v 3.398148 0.098148 0.200000
v 3.385453 0.092078 0.200000
v 3.371644 0.087644 0.200000
v 3.356799 0.084924 0.200000
v 3.341000 0.084000 0.200000
v 3.323385 0.085422 0.200000
v 3.306246 0.089630 0.200000
v 3.289891 0.096531 0.200000
v 3.274630 0.106037 0.200000
v 3.260772 0.118057 0.200000
v 3.248625 0.132500 0.200000
v 3.238499 0.149277 0.200000
v 3.230704 0.168296 0.200000
v 3.225547 0.189469 0.200000
v 3.223338 0.212704 0.200000
v 3.224386 0.237911 0.200000
vn -0.0000 -0.0000 -1.0000
vn -0.0000 -0.0000 1.0000
vn -0.0000 0.0002 1.0000
vn -0.0000 -0.0001 1.0000
vn -0.0000 -0.0005 1.0000
vn -0.0000 0.0001 1.0000
vn 0.6524 0.7579 -0.0000
vn -0.7984 -0.6021 -0.0000
vn -0.6467 0.7627 -0.0000
vn 0.4278 -0.9039 -0.0000
vn 0.4141 -0.9102 -0.0000
vn 0.8106 0.5856 -0.0000
vn -0.5417 -0.8406 -0.0000
vn 0.7653 0.6436 -0.0000
vn -0.3514 -0.9362 -0.0000
vn 0.0185 -0.9998 -0.0000
vn 0.8012 -0.5984 -0.0000
vn -0.9269 0.3754 -0.0000
vn -0.7637 0.6455 -0.0000
vn -0.0546 0.9985 -0.0000
vn 0.8527 -0.5225 -0.0000
vn -0.3178 -0.9482 -0.0000
vn -0.0460 -0.9989 -0.0000
vn 0.5430 -0.8397 -0.0000
vn 0.9269 0.3754 -0.0000
vn 0.5541 0.8325 -0.0000
vn 0.6552 0.7554 -0.0000
vn 0.0539 0.9985 -0.0000
vn -0.5469 0.8372 -0.0000
vn 0.8353 0.5498 -0.0000
vn 0.2940 -0.9558 -0.0000
vn 0.8881 0.4596 -0.0000
vn 0.8755 -0.4833 -0.0000
vn -0.8333 0.5529 -0.0000
vn 0.8936 -0.4488 -0.0000
vn -0.2821 -0.9594 -0.0000
vn -0.1443 -0.9895 -0.0000
vn -0.7094 -0.7048 -0.0000
vn -0.8755 -0.4833 -0.0000
vn -0.8533 -0.5214 -0.0000
vn -0.6648 0.7470 -0.0000
vn -0.6489 -0.7609 -0.0000
vn -0.2444 -0.9697 -0.0000
vn -0.2504 -0.9682 -0.0000
vn -0.8619 -0.5071 -0.0000
vn 0.7138 -0.7003 -0.0000
vn 0.9259 -0.3778 -0.0000
vn 0.4459 0.8951 -0.0000
vn -0.2046 -0.9789 -0.0000
vn -0.3629 -0.9318 -0.0000
vn -0.6123 -0.7906 -0.0000
vn -0.9259 -0.3778 -0.0000
vn -0.4380 0.8990 -0.0000
vn 0.6499 -0.7600 -0.0000
vn -0.7453 -0.6668 -0.0000
vn 0.5287 0.8488 -0.0000
vn -0.9600 0.2799 -0.0000
vn -0.5526 0.8334 -0.0000
vn 0.1739 -0.9848 -0.0000
vn 0.9453 0.3263 -0.0000
vn 0.6167 -0.7872 -0.0000
vn 0.8070 -0.5906 -0.0000
vn -0.1626 -0.9867 -0.0000
vn -0.4793 -0.8776 -0.0000
vn -0.5084 -0.8611 -0.0000
vn -0.8103 -0.5861 -0.0000
vn 0.7460 -0.6659 -0.0000
vn -0.4314 0.9022 -0.0000
vn 0.9600 0.2799 -0.0000
vn -0.1186 -0.9929 -0.0000
vn -0.5956 -0.8033 -0.0000
vn 0.9008 0.4342 -0.0000
vn 0.5122 -0.8589 -0.0000
vn 0.9582 -0.2862 -0.0000
vn 0.3282 0.9446 -0.0000
vn -0.8988 0.4384 -0.0000
vn 0.3888 0.9213 -0.0000
vn -0.7061 -0.7082 -0.0000
vn -0.3993 -0.9168 -0.0000
vn -0.9582 -0.2862 -0.0000
vn -0.3206 0.9472 -0.0000
vn 0.0567 -0.9984 -0.0000
vn -0.8285 -0.5601 -0.0000
vn 0.8300 -0.5578 -0.0000
vn -0.0725 -0.9974 -0.0000
vn -0.9814 0.1918 -0.0000
vn -0.3057 0.9521 -0.0000
vn -0.0246 -0.9997 -0.0000
vn 0.9814 0.1920 -0.0000
vn 0.4023 -0.9155 -0.0000
vn 0.2018 0.9794 -0.0000
vn -0.5830 0.8125 -0.0000
vn -0.8043 -0.5942 -0.0000
vn -0.2868 -0.9580 -0.0000
vn -0.1959 0.9806 -0.0000
vn 0.8289 -0.5593 -0.0000
vn 0.9814 0.1918 -0.0000
vn 0.2384 0.9712 -0.0000
vn 0.7860 0.6183 -0.0000
vn -0.8849 -0.4659 -0.0000
vn 0.9498 0.3128 -0.0000
vn -0.1802 0.9836 -0.0000
vn -0.6388 0.7693 -0.0000
vn 0.2888 -0.9574 -0.0000
vn 0.9783 -0.2070 -0.0000
vn 0.0682 0.9977 -0.0000
vn -0.9483 0.3173 -0.0000
vn -0.1722 -0.9851 -0.0000
vn -0.9783 -0.2070 -0.0000
vn -0.0658 0.9978 -0.0000
vn -0.6931 0.7209 -0.0000
vn 0.9981 0.0619 -0.0000
vn -0.8964 -0.4432 -0.0000
vn 0.0805 0.9968 -0.0000
vn -0.9440 -0.3298 -0.0000
vn -0.0584 0.9983 -0.0000
vn 0.1733 -0.9849 -0.0000
vn 0.9904 -0.1383 -0.0000
vn 0.5307 -0.8475 -0.0000
vn -0.9812 -0.1932 -0.0000
vn -0.0570 -0.9984 -0.0000
vn -0.9904 -0.1383 -0.0000
vn 0.7562 -0.6543 -0.0000
vn 0.8967 -0.4427 -0.0000
vn 0.0573 -0.9984 -0.0000
vn -0.7641 -0.6451 -0.0000
vn -0.9477 -0.3192 -0.0000
vn -0.7852 -0.6193 -0.0000
vn 0.5807 -0.8141 -0.0000
vn -0.9939 0.1106 -0.0000
vn -0.7452 0.6669 -0.0000
vn 0.9996 -0.0288 -0.0000
vn -0.9981 -0.0620 -0.0000
vn 0.7010 -0.7132 -0.0000
vn 0.9478 -0.3189 -0.0000
vn 0.7541 -0.6567 -0.0000
vn 0.9939 0.1106 -0.0000
vn -0.7154 -0.6987 -0.0000
vn -0.6906 -0.7232 -0.0000
vn 0.6265 -0.7794 -0.0000
vn -0.9980 0.0625 -0.0000
vn 0.9822 0.1881 -0.0000
vn 0.9970 -0.0780 -0.0000
vn -0.9814 0.1917 -0.0000
vn 0.6689 -0.7434 -0.0000
vn -0.9970 -0.0780 -0.0000
vn 0.6420 -0.7667 -0.0000
vn 0.6668 -0.7452 -0.0000
vn -0.7945 0.6072 -0.0000
vn 0.9956 -0.0942 -0.0000
vn -0.6650 -0.7469 -0.0000
vn -0.9815 -0.1913 -0.0000
vn -0.5802 -0.8145 -0.0000
vn -0.9801 0.1985 -0.0000
vn -0.9994 0.0354 -0.0000
vn 0.7087 -0.7055 -0.0000
vn 0.5798 -0.8147 -0.0000
vn 0.9815 -0.1912 -0.0000
vn 0.5683 -0.8228 -0.0000
vn 0.9854 -0.1704 -0.0000
vn 0.9994 0.0354 -0.0000
vn -0.6133 -0.7898 -0.0000
vn -0.4574 -0.8892 -0.0000
vn 0.7465 -0.6654 -0.0000
vn -0.9387 0.3447 -0.0000
vn 0.9981 0.0624 -0.0000
vn -0.8404 0.5420 -0.0000
vn 0.9997 -0.0245 -0.0000
vn -0.5334 0.8458 -0.0000
vn -0.9980 0.0639 -0.0000
vn -0.9997 -0.0245 -0.0000
vn 0.4587 -0.8886 -0.0000
vn 0.9665 -0.2566 -0.0000
vn -0.9980 -0.0630 -0.0000
vn -0.3269 -0.9451 -0.0000
vn 0.7828 -0.6223 -0.0000
vn -0.8703 0.4925 -0.0000
vn -0.9994 -0.0354 -0.0000
vn 0.5052 0.8630 -0.0000
vn 0.8180 -0.5753 -0.0000
vn 0.5855 0.8107 -0.0000
vn 0.9980 -0.0630 -0.0000
vn 0.3383 -0.9410 -0.0000
vn -0.8821 0.4711 -0.0000
vn 0.9366 -0.3505 -0.0000
vn 0.9997 0.0245 -0.0000
vn -0.5931 0.8051 -0.0000
vn -0.9980 -0.0633 -0.0000
vn -0.1938 -0.9810 -0.0000
vn -0.7762 0.6304 -0.0000
vn -0.9997 0.0245 -0.0000
vn 0.8521 -0.5234 -0.0000
vn 0.6613 0.7501 -0.0000
vn 0.9980 0.0633 -0.0000
vn 0.2082 -0.9781 -0.0000
vn -0.9187 0.3949 -0.0000
vn 0.8941 -0.4478 -0.0000
vn 0.9994 -0.0354 -0.0000
vn -0.6547 0.7559 -0.0000
vn -0.9980 0.0634 -0.0000
vn -0.0630 -0.9980 -0.0000
vn -0.6632 0.7484 -0.0000
vn 0.0704 -0.9975 -0.0000
vn 0.9970 0.0780 -0.0000
vn -0.0589 0.9983 -0.0000
vn 0.8852 -0.4653 -0.0000
vn -0.5414 0.8408 -0.0000
vn -0.9970 0.0780 -0.0000
vn 0.7310 0.6823 -0.0000
vn 0.9980 -0.0624 -0.0000
vn -0.7166 0.6975 -0.0000
vn 0.0617 0.9981 -0.0000
vn 0.9167 -0.3995 -0.0000
vn -0.9939 -0.1106 -0.0000
vn 0.9814 0.1919 -0.0000
vn -0.1785 0.9839 -0.0000
vn -0.9495 0.3137 -0.0000
vn 0.8396 -0.5433 -0.0000
vn -0.9814 0.1920 -0.0000
vn -0.4203 0.9074 -0.0000
vn -0.0257 0.9997 -0.0000
vn 0.9939 -0.1106 -0.0000
vn 0.1869 0.9824 -0.0000
vn 0.7935 0.6086 -0.0000
vn 0.9823 -0.1873 -0.0000
vn -0.2980 0.9546 -0.0000
vn 0.0658 0.9978 -0.0000
vn 0.7754 -0.6315 -0.0000
vn 0.9904 0.1383 -0.0000
vn -0.7768 0.6298 -0.0000
vn -0.9819 -0.1895 -0.0000
vn -0.0767 0.9971 -0.0000
vn -0.3069 0.9517 -0.0000
vn -0.9904 0.1383 -0.0000
vn 0.3115 0.9503 -0.0000
vn -0.1265 0.9920 -0.0000
vn -0.2045 0.9789 -0.0000
vn -0.9814 -0.1918 -0.0000
vn 0.0502 -0.9987 -0.0000
vn 0.9476 0.3196 -0.0000
vn -0.4152 0.9097 -0.0000
vn -0.0559 -0.9984 -0.0000
vn -0.9475 0.3199 -0.0000
vn -0.1142 0.9935 -0.0000
vn 0.1986 0.9801 -0.0000
vn 0.9814 -0.1918 -0.0000
vn 0.4325 0.9017 -0.0000
vn -0.1744 0.9847 -0.0000
vn -0.9783 0.2070 -0.0000
vn 0.1561 -0.9877 -0.0000
vn 0.9506 -0.3105 -0.0000
vn -0.5279 0.8493 -0.0000
vn 0.7059 -0.7083 -0.0000
vn -0.1708 -0.9853 -0.0000
vn -0.9497 -0.3132 -0.0000
vn -0.2201 0.9755 -0.0000
vn -0.0354 0.9994 -0.0000
vn 0.9783 0.2070 -0.0000
vn -0.8963 0.4435 -0.0000
vn 0.5472 0.8370 -0.0000
vn -1.0000 -0.0000 -0.0000
vn -0.9582 0.2862 -0.0000
vn 0.2676 -0.9635 -0.0000
vn -0.6338 0.7735 -0.0000
vn 0.9460 -0.3243 -0.0000
vn -0.2878 -0.9577 -0.0000
vn -0.2630 0.9648 -0.0000
vn 0.8965 0.4430 -0.0000
vn 0.6358 -0.7719 -0.0000
vn 0.9582 0.2862 -0.0000
vn 0.6532 0.7572 -0.0000
vn -0.9600 -0.2799 -0.0000
vn 0.8478 0.5303 -0.0000
vn 0.9027 -0.4302 -0.0000
vn -0.7307 0.6828 -0.0000
vn 0.3292 0.9443 -0.0000
vn 0.5691 -0.8223 -0.0000
vn -0.8328 0.5536 -0.0000
vn -0.9016 -0.4325 -0.0000
vn -0.3030 0.9530 -0.0000
vn 0.5085 -0.8611 -0.0000
vn 0.9600 -0.2799 -0.0000
vn -0.8286 0.5598 -0.0000
vn 0.7481 0.6636 -0.0000
vn -0.3398 0.9405 -0.0000
vn -0.9259 0.3778 -0.0000
vn 0.3830 -0.9238 -0.0000
vn -0.8159 0.5782 -0.0000
vn 0.3603 0.9328 -0.0000
vn -0.4046 -0.9145 -0.0000
vn -0.3730 0.9278 -0.0000
vn 0.8291 0.5591 -0.0000
vn 0.4868 0.8735 -0.0000
vn 0.9259 0.3778 -0.0000
vn -0.7459 0.6660 -0.0000
vn -0.9269 -0.3754 -0.0000
vn 0.4992 -0.8665 -0.0000
vn 0.4540 0.8910 -0.0000
vn 0.6020 0.7985 -0.0000
vn -0.5185 -0.8551 -0.0000
vn 0.8298 0.5580 -0.0000
vn -0.4027 0.9153 -0.0000
vn 0.7467 0.6651 -0.0000
vn 0.7016 0.7126 -0.0000
vn 0.9269 -0.3754 -0.0000
vn 0.0520 -0.9986 -0.0000
vn -0.4286 0.9035 -0.0000
vn -0.8755 0.4833 -0.0000
vn 0.8935 0.4490 -0.0000
vn 0.8387 -0.5446 -0.0000
vn -0.0604 -0.9982 -0.0000
vn 0.7839 0.6209 -0.0000
vn -0.8825 0.4704 -0.0000
vn -0.8379 -0.5459 -0.0000
vn -0.4506 0.8927 -0.0000
vn 0.0037 -1.0000 -0.0000
vn 0.8755 0.4833 -0.0000
vn -0.6501 0.7599 -0.0000
vn 0.1611 -0.9869 -0.0000
vn -0.7984 0.6021 -0.0000
vn 0.6125 -0.7905 -0.0000
vn -0.1838 -0.9830 -0.0000
vn 0.5699 0.8217 -0.0000
vn 0.8494 0.5278 -0.0000
vn -0.6268 -0.7792 -0.0000
vn -0.1003 -0.9950 -0.0000
vn 0.6512 0.7589 -0.0000
vn -0.8871 0.4615 -0.0000
vn -0.9737 0.2280 -0.0000
vn 0.7984 0.6021 -0.0000
vn -0.5434 0.8395 -0.0000
vn -0.2145 -0.9767 -0.0000
vn -0.8782 -0.4783 -0.0000
vn 0.7180 -0.6960 -0.0000
vn -0.7264 -0.6873 -0.0000
vn 0.2755 -0.9613 -0.0000
vn 0.6746 0.7382 -0.0000
vn -0.3368 -0.9416 -0.0000
vn 0.5447 0.8386 -0.0000
vn 0.8782 -0.4783 -0.0000
vn -0.9240 0.3825 -0.0000
vn 0.8968 0.4425 -0.0000
vn 0.7662 0.6425 -0.0000
vn -0.6847 0.7288 -0.0000
vn 0.7588 -0.6513 -0.0000
vn -0.3078 -0.9515 -0.0000
vn -0.9903 0.1386 -0.0000
vn 0.8998 0.4364 -0.0000
vn -0.7589 -0.6513 -0.0000
vn -0.4633 -0.8862 -0.0000
vn 0.9306 0.3661 -0.0000
vn 0.6847 0.7288 -0.0000
vn -0.4283 0.9036 -0.0000
vn 0.3930 -0.9195 -0.0000
vn 0.1072 -0.9942 -0.0000
vn -0.5883 -0.8087 -0.0000
vn -0.5268 0.8500 -0.0000
vn 0.8111 -0.5849 -0.0000
vn -0.4293 -0.9032 -0.0000
vn -0.8140 -0.5808 -0.0000
vn 0.4297 0.9030 -0.0000
vn 0.0578 -0.9983 -0.0000
vn 0.9373 0.3485 -0.0000
vn 0.5268 0.8500 -0.0000
vn -0.9562 0.2927 -0.0000
vn -0.3076 0.9515 -0.0000
vn 0.5106 -0.8598 -0.0000
vn -0.7047 -0.7095 -0.0000
vn -0.3281 0.9447 -0.0000
vn -0.5453 -0.8383 -0.0000
vn 0.0171 -0.9999 -0.0000
vn 0.9592 0.2828 -0.0000
vn 0.3089 0.9511 -0.0000
vn 0.9643 0.2648 -0.0000
vn 0.3281 0.9447 -0.0000
vn 0.6240 -0.7814 -0.0000
vn 0.8436 0.5370 -0.0000
vn -0.8058 -0.5921 -0.0000
vn -0.8095 -0.5872 -0.0000
vn 0.8874 -0.4609 -0.0000
vn 0.6639 -0.7478 -0.0000
vn -0.6527 -0.7576 -0.0000
vn -0.0579 -0.9983 -0.0000
vn -0.8869 -0.4620 -0.0000
vn -0.6654 -0.7465 -0.0000
vn -0.8867 -0.4624 -0.0000
vn -0.9422 0.3352 -0.0000
vn -0.1759 -0.9844 -0.0000
vn 0.8095 -0.5872 -0.0000
vn -0.1841 0.9829 -0.0000
vn -0.1083 0.9941 -0.0000
vn 0.9443 -0.3291 -0.0000
vn 0.9827 0.1853 -0.0000
vn -0.9790 0.2038 -0.0000
vn 0.9476 0.3195 -0.0000
vn 0.1640 -0.9865 -0.0000
vn -0.9451 -0.3269 -0.0000
vn 0.1851 0.9827 -0.0000
vn 0.1083 0.9941 -0.0000
vn -0.9426 -0.3340 -0.0000
vn -0.0606 0.9982 -0.0000
vn 0.7286 -0.6850 -0.0000
vn 0.2254 -0.9743 -0.0000
vn -0.7488 -0.6628 -0.0000
vn -0.2945 -0.9556 -0.0000
vn 0.9940 0.1092 -0.0000
vn -0.7158 -0.6983 -0.0000
vn -0.9814 -0.1919 -0.0000
vn 0.9798 0.2000 -0.0000
vn 0.0610 0.9981 -0.0000
vn 0.8196 -0.5729 -0.0000
vn 0.9058 0.4237 -0.0000
vn 0.7158 -0.6983 -0.0000
vn 0.9808 -0.1948 -0.0000
vn -0.8313 -0.5558 -0.0000
vn 0.9994 0.0360 -0.0000
vn -0.5937 -0.8047 -0.0000
vn -0.9797 -0.2007 -0.0000
vn 0.5560 -0.8312 -0.0000
vn 0.2879 -0.9577 -0.0000
vn -0.5591 -0.8291 -0.0000
vn -0.9930 0.1183 -0.0000
vn 0.8934 -0.4493 -0.0000
vn 0.3477 -0.9376 -0.0000
vn 0.5937 -0.8047 -0.0000
vn -0.9793 0.2024 -0.0000
vn -0.4116 -0.9113 -0.0000
vn 0.9981 -0.0613 -0.0000
vn -0.4433 -0.8964 -0.0000
vn 0.4377 -0.8991 -0.0000
vn -0.9985 0.0552 -0.0000
vn 0.9930 0.1185 -0.0000
vn -0.4420 -0.8970 -0.0000
vn -0.8984 -0.4392 -0.0000
vn 0.4016 -0.9158 -0.0000
vn -0.9852 0.1717 -0.0000
vn 0.4433 -0.8964 -0.0000
vn 0.9980 -0.0633 -0.0000
vn -0.5248 -0.8512 -0.0000
vn -0.2710 -0.9626 -0.0000
vn -0.9978 -0.0661 -0.0000
vn 0.3128 -0.9498 -0.0000
vn 0.9814 0.1922 -0.0000
vn -0.3176 -0.9482 -0.0000
vn 0.9822 -0.1878 -0.0000
vn -0.9993 0.0379 -0.0000
vn 0.9477 -0.3193 -0.0000
vn 0.4477 -0.8942 -0.0000
vn -0.9558 0.2940 -0.0000
vn 0.2710 -0.9626 -0.0000
vn -0.9488 -0.3160 -0.0000
vn -0.0894 -0.9960 -0.0000
vn 0.1856 -0.9826 -0.0000
vn 0.4853 -0.8743 -0.0000
vn -0.9081 0.4187 -0.0000
vn 0.0894 -0.9960 -0.0000
vn 0.9992 0.0389 -0.0000
vn -0.1895 -0.9819 -0.0000
vn -0.6315 -0.7754 -0.0000
vn -0.0151 0.9999 -0.0000
vn 0.9821 -0.1883 -0.0000
vn -0.0000 1.0000 -0.0000
vn 0.9978 0.0665 -0.0000
vn -0.0620 -0.9981 -0.0000
vn -0.9819 -0.1893 -0.0000
vn 0.9488 -0.3160 -0.0000
vn 0.0486 0.9988 -0.0000
vn -0.9982 0.0603 -0.0000
vn 0.0603 -0.9982 -0.0000
vn 1.0000 -0.0000 -0.0000
vn 0.5147 -0.8573 -0.0000
vn -0.0473 0.9989 -0.0000
vn -0.9191 -0.3941 -0.0000
vn -0.9978 0.0670 -0.0000
vn -0.7360 0.6770 -0.0000
vn -0.9989 0.0466 -0.0000
vn -0.9973 -0.0732 -0.0000
vn 0.5428 0.8399 -0.0000
vn -0.0821 0.9966 -0.0000
vn -0.8408 0.5413 -0.0000
vn 0.9980 0.0635 -0.0000
vn 0.9524 0.3049 -0.0000
vn 0.9974 -0.0718 -0.0000
vn 0.9193 0.3935 -0.0000
vn 0.7361 -0.6769 -0.0000
vn 0.1517 0.9884 -0.0000
vn -0.9831 0.1831 -0.0000
vn -0.9200 0.3918 -0.0000
vn 0.9981 -0.0609 -0.0000
vn 0.5369 -0.8437 -0.0000
vn 0.5095 0.8605 -0.0000
vn -0.1191 0.9929 -0.0000
vn -0.9981 -0.0623 -0.0000
vn -0.7292 -0.6843 -0.0000
vn -0.7544 0.6564 -0.0000
vn -0.1579 0.9875 -0.0000
vn 0.9793 0.2026 -0.0000
vn -0.9517 0.3072 -0.0000
vn 0.9220 -0.3873 -0.0000
vn 0.9974 0.0721 -0.0000
vn 0.6964 0.7177 -0.0000
vn 0.9858 -0.1679 -0.0000
vn 0.4734 0.8809 -0.0000
vn -0.1979 0.9802 -0.0000
vn -0.0000 -1.0000 -0.0000
vn -0.9991 -0.0431 -0.0000
vn -0.8152 -0.5791 -0.0000
vn -0.0894 0.9960 -0.0000
vn 0.8970 -0.4421 -0.0000
vn 0.9411 0.3381 -0.0000
vn -0.9974 0.0720 -0.0000
vn -0.6967 -0.7174 -0.0000
vn -0.8870 -0.4618 -0.0000
vn -0.6515 0.7587 -0.0000
vn 0.2614 0.9652 -0.0000
vn -0.9757 -0.2190 -0.0000
vn 0.0894 0.9960 -0.0000
vn -0.2384 0.9712 -0.0000
vn -0.0610 0.9981 -0.0000
vn 0.2710 0.9626 -0.0000
vn 0.9990 -0.0440 -0.0000
vn 0.9831 0.1831 -0.0000
vn 0.4342 0.9008 -0.0000
vn -0.2786 0.9604 -0.0000
vn 0.9766 -0.2152 -0.0000
vn -0.2710 0.9626 -0.0000
vn 0.0597 0.9982 -0.0000
vn -0.9027 0.4302 -0.0000
vn 0.9772 0.2125 -0.0000
vn 0.9991 -0.0415 -0.0000
vn 0.3920 0.9199 -0.0000
vn -0.3178 0.9481 -0.0000
vn -0.9771 0.2127 -0.0000
vn 0.1832 0.9831 -0.0000
vn -0.9422 -0.3349 -0.0000
vn -0.5362 0.8441 -0.0000
vn 0.4433 0.8964 -0.0000
vn -0.1863 0.9825 -0.0000
vn 0.8836 0.4683 -0.0000
vn -0.4433 0.8964 -0.0000
vn -0.9916 -0.1294 -0.0000
vn -0.9986 -0.0521 -0.0000
vn 0.3761 0.9266 -0.0000
vn -0.8357 0.5492 -0.0000
vn 0.3469 0.9379 -0.0000
vn -0.3554 0.9347 -0.0000
vn 0.3087 0.9512 -0.0000
vn -0.9794 -0.2019 -0.0000
vn -0.4141 0.9102 -0.0000
vn 0.5937 0.8047 -0.0000
vn 0.9915 -0.1302 -0.0000
vn -0.3123 0.9500 -0.0000
vn -0.3906 0.9205 -0.0000
vn 0.8084 0.5886 -0.0000
vn -0.5937 0.8047 -0.0000
vn -0.9335 -0.3587 -0.0000
vn 0.9389 0.3441 -0.0000
vn 0.9982 0.0605 -0.0000
vn 0.2989 0.9543 -0.0000
vn -0.7158 0.6983 -0.0000
vn -0.9385 0.3452 -0.0000
vn 0.4322 0.9018 -0.0000
vn 0.4930 0.8700 -0.0000
vn -0.4351 0.9004 -0.0000
vn 0.9955 0.0946 -0.0000
vn 0.2483 0.9687 -0.0000
vn -0.4232 0.9060 -0.0000
vn 0.9355 -0.3534 -0.0000
vn -0.9978 -0.0668 -0.0000
vn -0.2903 0.9569 -0.0000
vn -0.7510 0.6604 -0.0000
vn 0.7158 0.6983 -0.0000
vn 0.9768 -0.2143 -0.0000
vn -0.8095 0.5872 -0.0000
vn -0.9767 -0.2145 -0.0000
vn 0.5498 0.8353 -0.0000
vn -0.9869 -0.1611 -0.0000
vn 0.3990 -0.9169 -0.0000
vn -0.5514 0.8342 -0.0000
vn 0.8273 -0.5618 -0.0000
vn 0.7184 0.6956 -0.0000
vn -0.9985 0.0554 -0.0000
vn 0.3787 -0.9255 -0.0000
vn -0.6503 0.7596 -0.0000
vn 0.8854 0.4649 -0.0000
vn 0.1955 0.9807 -0.0000
vn -0.8842 0.4672 -0.0000
vn 0.6581 0.7530 -0.0000
vn -0.1693 0.9856 -0.0000
vn 0.3549 -0.9349 -0.0000
vn 0.8095 0.5872 -0.0000
vn -0.6581 0.7529 -0.0000
vn 0.9977 -0.0684 -0.0000
vn 0.6171 0.7869 -0.0000
vn 0.3274 -0.9449 -0.0000
vn -0.8729 -0.4879 -0.0000
vn 0.1083 -0.9941 -0.0000
vn 0.9552 -0.2959 -0.0000
vn 0.9716 0.2366 -0.0000
vn 0.1409 0.9900 -0.0000
vn -0.1083 -0.9941 -0.0000
vn -0.9548 -0.2973 -0.0000
vn -0.9852 0.1713 -0.0000
vn 0.0850 0.9964 -0.0000
vn 0.2961 -0.9552 -0.0000
vn 0.8761 -0.4822 -0.0000
vn 0.0605 -0.9982 -0.0000
vn -0.0544 0.9985 -0.0000
vn -0.5372 0.8434 -0.0000
vn 0.3281 -0.9447 -0.0000
vn 0.8187 0.5742 -0.0000
vn -0.0601 -0.9982 -0.0000
vn 0.9253 0.3793 -0.0000
vn 0.2612 -0.9653 -0.0000
vn -0.3281 -0.9447 -0.0000
vn -0.8163 0.5776 -0.0000
vn -0.1828 -0.9832 -0.0000
vn 0.9793 -0.2026 -0.0000
vn 0.0284 0.9996 -0.0000
vn 0.5080 0.8614 -0.0000
vn -0.8782 0.4783 -0.0000
vn -0.9615 -0.2747 -0.0000
vn 0.6079 0.7940 -0.0000
vn -0.4162 0.9093 -0.0000
vn 0.9271 -0.3747 -0.0000
vn 0.2232 -0.9748 -0.0000
vn -0.9264 -0.3765 -0.0000
vn 0.1837 -0.9830 -0.0000
vn -0.9565 0.2916 -0.0000
vn 0.7411 -0.6714 -0.0000
vn 0.8782 0.4783 -0.0000
vn -0.3058 -0.9521 -0.0000
vn 0.1828 -0.9832 -0.0000
vn 0.3945 0.9189 -0.0000
vn -0.9106 0.4134 -0.0000
vn 0.6413 -0.7673 -0.0000
vn -0.2924 0.9563 -0.0000
vn 0.5268 -0.8500 -0.0000
vn 0.7408 0.6717 -0.0000
vn -0.5268 -0.8500 -0.0000
vn -0.7368 0.6762 -0.0000
vn 0.3071 -0.9517 -0.0000
vn 0.5310 -0.8473 -0.0000
vn 0.7156 0.6985 -0.0000
vn 0.8561 0.5167 -0.0000
vn -0.4410 -0.8975 -0.0000
vn 0.1409 -0.9900 -0.0000
vn 0.2794 0.9602 -0.0000
vn 0.7539 0.6570 -0.0000
vn -0.1705 0.9853 -0.0000
vn 0.6847 -0.7288 -0.0000
vn 0.8928 -0.4504 -0.0000
vn -0.7526 0.6584 -0.0000
vn 0.9440 -0.3301 -0.0000
vn -0.4129 -0.9108 -0.0000
vn 0.0988 -0.9951 -0.0000
vn -0.6847 -0.7288 -0.0000
vn -0.8923 -0.4515 -0.0000
vn -0.8462 0.5328 -0.0000
vn -0.4264 -0.9046 -0.0000
vn -0.3831 -0.9237 -0.0000
vn 0.0576 -0.9983 -0.0000
vn 0.1653 0.9862 -0.0000
vn -0.9204 -0.3911 -0.0000
vn -0.7972 -0.6038 -0.0000
vn 0.7984 -0.6021 -0.0000
vt 0.295964 0.000000
vt 0.294469 0.000000
vt 0.292975 0.000000
vt 0.291480 0.000000
vt 0.289985 0.000000
vt 0.288490 0.000000
vt 0.286996 0.000000
vt 0.298954 0.000000
vt 0.301943 0.000000
vt 0.297459 0.000000
vt 0.300448 0.000000
vt 0.358744 0.000000
vt 0.357250 0.000000
vt 0.355755 0.000000
vt 0.354260 0.000000
vt 0.360239 0.000000
vt 0.352765 0.000000
vt 0.361734 0.000000
vt 0.351271 0.000000
vt 0.363229 0.000000
vt 0.349776 0.000000
vt 0.364723 0.000000
vt 0.348281 0.000000
vt 0.366218 0.000000
vt 0.393124 0.000000
vt 0.391629 0.000000
vt 0.394619 0.000000
vt 0.396114 0.000000
vt 0.390135 0.000000
vt 0.397608 0.000000
vt 0.388640 0.000000
vt 0.346786 0.000000
vt 0.367713 0.000000
vt 0.399103 0.000000
vt 0.387145 0.000000
vt 0.400598 0.000000
vt 0.385650 0.000000
vt 0.345291 0.000000
vt 0.369208 0.000000
vt 0.402093 0.000000
vt 0.384155 0.000000
vt 0.403587 0.000000
vt 0.382661 0.000000
vt 0.343797 0.000000
vt 0.370703 0.000000
vt 0.405082 0.000000
vt 0.381166 0.000000
vt 0.342302 0.000000
vt 0.372197 0.000000
vt 0.406577 0.000000
vt 0.379671 0.000000
vt 0.408072 0.000000
vt 0.378176 0.000000
vt 0.340807 0.000000
vt 0.373692 0.000000
vt 0.409567 0.000000
vt 0.376682 0.000000
vt 0.339312 0.000000
vt 0.303438 0.000000
vt 0.411061 0.000000
vt 0.375187 0.000000
vt 0.304933 0.000000
vt 0.445441 0.000000
vt 0.412556 0.000000
vt 0.337818 0.000000
vt 0.443946 0.000000
vt 0.414051 0.000000
vt 0.336323 0.000000
vt 0.306428 0.000000
vt 0.442451 0.000000
vt 0.415546 0.000000
vt 0.334828 0.000000
vt 0.307922 0.000000
vt 0.417040 0.000000
vt 0.440957 0.000000
vt 0.333333 0.000000
vt 0.309417 0.000000
vt 0.418535 0.000000
vt 0.439462 0.000000
vt 0.420030 0.000000
vt 0.437967 0.000000
vt 0.331839 0.000000
vt 0.310912 0.000000
vt 0.421525 0.000000
vt 0.436472 0.000000
vt 0.423019 0.000000
vt 0.434978 0.000000
vt 0.330344 0.000000
vt 0.312407 0.000000
vt 0.424514 0.000000
vt 0.433483 0.000000
vt 0.426009 0.000000
vt 0.431988 0.000000
vt 0.328849 0.000000
vt 0.313901 0.000000
vt 0.427504 0.000000
vt 0.430493 0.000000
vt 0.428999 0.000000
vt 0.327354 0.000000
vt 0.315396 0.000000
vt 0.325859 0.000000
vt 0.316891 0.000000
vt 0.324365 0.000000
vt 0.318386 0.000000
vt 0.322870 0.000000
vt 0.319880 0.000000
vt 0.321375 0.000000
vt 0.454410 0.000000
vt 0.452915 0.000000
vt 0.451420 0.000000
vt 0.449925 0.000000
vt 0.448430 0.000000
vt 0.446936 0.000000
vt 0.455904 0.000000
vt 0.476831 0.000000
vt 0.475336 0.000000
vt 0.473842 0.000000
vt 0.472347 0.000000
vt 0.478326 0.000000
vt 0.470852 0.000000
vt 0.479821 0.000000
vt 0.469357 0.000000
vt 0.481315 0.000000
vt 0.482810 0.000000
vt 0.467862 0.000000
vt 0.484305 0.000000
vt 0.582960 0.000000
vt 0.466368 0.000000
vt 0.581465 0.000000
vt 0.584454 0.000000
vt 0.579970 0.000000
vt 0.585949 0.000000
vt 0.485800 0.000000
vt 0.464873 0.000000
vt 0.578475 0.000000
vt 0.587444 0.000000
vt 0.576981 0.000000
vt 0.588939 0.000000
vt 0.575486 0.000000
vt 0.590433 0.000000
vt 0.487294 0.000000
vt 0.463378 0.000000
vt 0.573991 0.000000
vt 0.591928 0.000000
vt 0.572496 0.000000
vt 0.593423 0.000000
vt 0.488789 0.000000
vt 0.461883 0.000000
vt 0.571001 0.000000
vt 0.594918 0.000000
vt 0.490284 0.000000
vt 0.460389 0.000000
vt 0.569507 0.000000
vt 0.596413 0.000000
vt 0.568012 0.000000
vt 0.597907 0.000000
vt 0.491779 0.000000
vt 0.458894 0.000000
vt 0.566517 0.000000
vt 0.599402 0.000000
vt 0.493274 0.000000
vt 0.457399 0.000000
vt 0.565022 0.000000
vt 0.529148 0.000000
vt 0.494768 0.000000
vt 0.563528 0.000000
vt 0.530643 0.000000
vt 0.527653 0.000000
vt 0.562033 0.000000
vt 0.532138 0.000000
vt 0.496263 0.000000
vt 0.526158 0.000000
vt 0.560538 0.000000
vt 0.533632 0.000000
vt 0.497758 0.000000
vt 0.524664 0.000000
vt 0.535127 0.000000
vt 0.559043 0.000000
vt 0.536622 0.000000
vt 0.557549 0.000000
vt 0.499253 0.000000
vt 0.523169 0.000000
vt 0.538117 0.000000
vt 0.556054 0.000000
vt 0.500747 0.000000
vt 0.521674 0.000000
vt 0.539611 0.000000
vt 0.554559 0.000000
vt 0.541106 0.000000
vt 0.553064 0.000000
vt 0.502242 0.000000
vt 0.520179 0.000000
vt 0.542601 0.000000
vt 0.551570 0.000000
vt 0.544096 0.000000
vt 0.550075 0.000000
vt 0.545590 0.000000
vt 0.548580 0.000000
vt 0.503737 0.000000
vt 0.518685 0.000000
vt 0.547085 0.000000
vt 0.505232 0.000000
vt 0.517190 0.000000
vt 0.506726 0.000000
vt 0.515695 0.000000
vt 0.508221 0.000000
vt 0.514200 0.000000
vt 0.509716 0.000000
vt 0.512706 0.000000
vt 0.511211 0.000000
vt 0.802691 0.000000
vt 0.801196 0.000000
vt 0.799701 0.000000
vt 0.804185 0.000000
vt 0.805680 0.000000
vt 0.798206 0.000000
vt 0.807175 0.000000
vt 0.808670 0.000000
vt 0.810164 0.000000
vt 0.796712 0.000000
vt 0.811659 0.000000
vt 0.813154 0.000000
vt 0.814649 0.000000
vt 0.795217 0.000000
vt 0.816144 0.000000
vt 0.817638 0.000000
vt 0.793722 0.000000
vt 0.819133 0.000000
vt 0.600897 0.000000
vt 0.602392 0.000000
vt 0.603886 0.000000
vt 0.605381 0.000000
vt 0.606876 0.000000
vt 0.608371 0.000000
vt 0.609865 0.000000
vt 0.792227 0.000000
vt 0.611360 0.000000
vt 0.612855 0.000000
vt 0.790732 0.000000
vt 0.614350 0.000000
vt 0.615845 0.000000
vt 0.617339 0.000000
vt 0.789238 0.000000
vt 0.618834 0.000000
vt 0.620329 0.000000
vt 0.787743 0.000000
vt 0.621824 0.000000
vt 0.623318 0.000000
vt 0.624813 0.000000
vt 0.786248 0.000000
vt 0.626308 0.000000
vt 0.627803 0.000000
vt 0.629297 0.000000
vt 0.784753 0.000000
vt 0.630792 0.000000
vt 0.632287 0.000000
vt 0.783259 0.000000
vt 0.633782 0.000000
vt 0.635277 0.000000
vt 0.781764 0.000000
vt 0.636771 0.000000
vt 0.638266 0.000000
vt 0.780269 0.000000
vt 0.639761 0.000000
vt 0.778774 0.000000
vt 0.641256 0.000000
vt 0.777279 0.000000
vt 0.642750 0.000000
vt 0.775785 0.000000
vt 0.644245 0.000000
vt 0.774290 0.000000
vt 0.645740 0.000000
vt 0.647235 0.000000
vt 0.772795 0.000000
vt 0.648729 0.000000
vt 0.771300 0.000000
vt 0.650224 0.000000
vt 0.651719 0.000000
vt 0.653214 0.000000
vt 0.769806 0.000000
vt 0.654709 0.000000
vt 0.656203 0.000000
vt 0.768311 0.000000
vt 0.766816 0.000000
vt 0.765321 0.000000
vt 0.763827 0.000000
vt 0.762332 0.000000
vt 0.760837 0.000000
vt 0.759342 0.000000
vt 0.757848 0.000000
vt 0.657698 0.000000
vt 0.756353 0.000000
vt 0.659193 0.000000
vt 0.660688 0.000000
vt 0.662182 0.000000
vt 0.754858 0.000000
vt 0.663677 0.000000
vt 0.665172 0.000000
vt 0.753363 0.000000
vt 0.666667 0.000000
vt 0.751868 0.000000
vt 0.668161 0.000000
vt 0.669656 0.000000
vt 0.750374 0.000000
vt 0.671151 0.000000
vt 0.748879 0.000000
vt 0.672646 0.000000
vt 0.747384 0.000000
vt 0.674141 0.000000
vt 0.745889 0.000000
vt 0.675635 0.000000
vt 0.677130 0.000000
vt 0.744395 0.000000
vt 0.678625 0.000000
vt 0.680120 0.000000
vt 0.742900 0.000000
vt 0.711510 0.000000
vt 0.710015 0.000000
vt 0.708520 0.000000
vt 0.681614 0.000000
vt 0.707025 0.000000
vt 0.683109 0.000000
vt 0.705531 0.000000
vt 0.741405 0.000000
vt 0.684604 0.000000
vt 0.704036 0.000000
vt 0.702541 0.000000
vt 0.686099 0.000000
vt 0.701046 0.000000
vt 0.687593 0.000000
vt 0.699552 0.000000
vt 0.698057 0.000000
vt 0.689088 0.000000
vt 0.739910 0.000000
vt 0.696562 0.000000
vt 0.690583 0.000000
vt 0.695067 0.000000
vt 0.693573 0.000000
vt 0.692078 0.000000
vt 0.738416 0.000000
vt 0.736921 0.000000
vt 0.735426 0.000000
vt 0.713004 0.000000
vt 0.714499 0.000000
vt 0.715994 0.000000
vt 0.733931 0.000000
vt 0.717489 0.000000
vt 0.718984 0.000000
vt 0.732436 0.000000
vt 0.720478 0.000000
vt 0.721973 0.000000
vt 0.723468 0.000000
vt 0.730942 0.000000
vt 0.724963 0.000000
vt 0.726457 0.000000
vt 0.729447 0.000000
vt 0.727952 0.000000
vt 0.822123 0.000000
vt 0.820628 0.000000
vt 0.928251 0.000000
vt 0.823617 0.000000
vt 0.825112 0.000000
vt 0.926756 0.000000
vt 0.925262 0.000000
vt 0.826607 0.000000
vt 0.923767 0.000000
vt 0.922272 0.000000
vt 0.828102 0.000000
vt 0.920777 0.000000
vt 0.919282 0.000000
vt 0.829596 0.000000
vt 0.917788 0.000000
vt 0.916293 0.000000
vt 0.831091 0.000000
vt 0.914798 0.000000
vt 0.832586 0.000000
vt 0.913303 0.000000
vt 0.911809 0.000000
vt 0.834081 0.000000
vt 0.893871 0.000000
vt 0.892377 0.000000
vt 0.890882 0.000000
vt 0.895366 0.000000
vt 0.896861 0.000000
vt 0.889387 0.000000
vt 0.898356 0.000000
vt 0.899851 0.000000
vt 0.910314 0.000000
vt 0.901345 0.000000
vt 0.887892 0.000000
vt 0.902840 0.000000
vt 0.904335 0.000000
vt 0.905830 0.000000
vt 0.886398 0.000000
vt 0.907324 0.000000
vt 0.908819 0.000000
vt 0.884903 0.000000
vt 0.835575 0.000000
vt 0.883408 0.000000
vt 0.881913 0.000000
vt 0.837070 0.000000
vt 0.943199 0.000000
vt 0.944694 0.000000
vt 0.946188 0.000000
vt 0.947683 0.000000
vt 0.880419 0.000000
vt 0.949178 0.000000
vt 0.950673 0.000000
vt 0.941704 0.000000
vt 0.940209 0.000000
vt 0.952167 0.000000
vt 0.878924 0.000000
vt 0.938715 0.000000
vt 0.937220 0.000000
vt 0.953662 0.000000
vt 0.935725 0.000000
vt 0.955157 0.000000
vt 0.934230 0.000000
vt 0.932735 0.000000
vt 0.956652 0.000000
vt 0.931241 0.000000
vt 0.838565 0.000000
vt 0.877429 0.000000
vt 0.929746 0.000000
vt 0.958147 0.000000
vt 1.000000 0.000000
vt 0.959641 0.000000
vt 0.961136 0.000000
vt 0.875934 0.000000
vt 0.998505 0.000000
vt 0.962631 0.000000
vt 0.840060 0.000000
vt 0.964126 0.000000
vt 0.874439 0.000000
vt 0.997010 0.000000
vt 0.965620 0.000000
vt 0.841555 0.000000
vt 0.967115 0.000000
vt 0.872945 0.000000
vt 0.995516 0.000000
vt 0.968610 0.000000
vt 0.994021 0.000000
vt 0.871450 0.000000
vt 0.843049 0.000000
vt 0.970105 0.000000
vt 0.971599 0.000000
vt 0.992526 0.000000
vt 0.869955 0.000000
vt 0.973094 0.000000
vt 0.844544 0.000000
vt 0.991031 0.000000
vt 0.974589 0.000000
vt 0.989537 0.000000
vt 0.868460 0.000000
vt 0.976084 0.000000
vt 0.846039 0.000000
vt 0.988042 0.000000
vt 0.977578 0.000000
vt 0.979073 0.000000
vt 0.986547 0.000000
vt 0.866966 0.000000
vt 0.980568 0.000000
vt 0.985052 0.000000
vt 0.982063 0.000000
vt 0.983558 0.000000
vt 0.847534 0.000000
vt 0.865471 0.000000
vt 0.849028 0.000000
vt 0.863976 0.000000
vt 0.850523 0.000000
vt 0.862481 0.000000
vt 0.852018 0.000000
vt 0.860987 0.000000
vt 0.853513 0.000000
vt 0.859492 0.000000
vt 0.855007 0.000000
vt 0.857997 0.000000
vt 0.856502 0.000000
vt 0.055306 0.000000
vt 0.053812 0.000000
vt 0.052317 0.000000
vt 0.056801 0.000000
vt 0.050822 0.000000
vt 0.058296 0.000000
vt 0.049327 0.000000
vt 0.059791 0.000000
vt 0.047833 0.000000
vt 0.061285 0.000000
vt 0.046338 0.000000
vt 0.062780 0.000000
vt 0.044843 0.000000
vt 0.064275 0.000000
vt 0.043348 0.000000
vt 0.065770 0.000000
vt 0.197309 0.000000
vt 0.041854 0.000000
vt 0.195815 0.000000
vt 0.198804 0.000000
vt 0.194320 0.000000
vt 0.200299 0.000000
vt 0.067265 0.000000
vt 0.192825 0.000000
vt 0.040359 0.000000
vt 0.201794 0.000000
vt 0.191330 0.000000
vt 0.203288 0.000000
vt 0.189836 0.000000
vt 0.204783 0.000000
vt 0.188341 0.000000
vt 0.206278 0.000000
vt 0.068759 0.000000
vt 0.038864 0.000000
vt 0.186846 0.000000
vt 0.207773 0.000000
vt 0.185351 0.000000
vt 0.209268 0.000000
vt 0.183857 0.000000
vt 0.070254 0.000000
vt 0.210762 0.000000
vt 0.037369 0.000000
vt 0.182362 0.000000
vt 0.212257 0.000000
vt 0.180867 0.000000
vt 0.213752 0.000000
vt 0.071749 0.000000
vt 0.035874 0.000000
vt 0.179372 0.000000
vt 0.143498 0.000000
vt 0.177877 0.000000
vt 0.073244 0.000000
vt 0.144993 0.000000
vt 0.034380 0.000000
vt 0.176383 0.000000
vt 0.146487 0.000000
vt 0.074738 0.000000
vt 0.032885 0.000000
vt 0.174888 0.000000
vt 0.147982 0.000000
vt 0.031390 0.000000
vt 0.076233 0.000000
vt 0.173393 0.000000
vt 0.149477 0.000000
vt 0.029895 0.000000
vt 0.077728 0.000000
vt 0.171898 0.000000
vt 0.150972 0.000000
vt 0.028401 0.000000
vt 0.079223 0.000000
vt 0.170404 0.000000
vt 0.152466 0.000000
vt 0.026906 0.000000
vt 0.080717 0.000000
vt 0.168909 0.000000
vt 0.153961 0.000000
vt 0.025411 0.000000
vt 0.167414 0.000000
vt 0.155456 0.000000
vt 0.082212 0.000000
vt 0.165919 0.000000
vt 0.156951 0.000000
vt 0.023916 0.000000
vt 0.083707 0.000000
vt 0.164425 0.000000
vt 0.158445 0.000000
vt 0.162930 0.000000
vt 0.159940 0.000000
vt 0.161435 0.000000
vt 0.022422 0.000000
vt 0.085202 0.000000
vt 0.020927 0.000000
vt 0.086697 0.000000
vt 0.019432 0.000000
vt 0.088191 0.000000
vt 0.017937 0.000000
vt 0.089686 0.000000
vt 0.091181 0.000000
vt 0.016442 0.000000
vt 0.014948 0.000000
vt 0.092676 0.000000
vt 0.013453 0.000000
vt 0.094170 0.000000
vt 0.011958 0.000000
vt 0.095665 0.000000
vt 0.269058 0.000000
vt 0.010463 0.000000
vt 0.097160 0.000000
vt 0.267564 0.000000
vt 0.270553 0.000000
vt 0.266069 0.000000
vt 0.272048 0.000000
vt 0.264574 0.000000
vt 0.273543 0.000000
vt 0.008969 0.000000
vt 0.098655 0.000000
vt 0.263079 0.000000
vt 0.275037 0.000000
vt 0.261584 0.000000
vt 0.276532 0.000000
vt 0.007474 0.000000
vt 0.100149 0.000000
vt 0.260090 0.000000
vt 0.278027 0.000000
vt 0.258595 0.000000
vt 0.279522 0.000000
vt 0.101644 0.000000
vt 0.005979 0.000000
vt 0.257100 0.000000
vt 0.281016 0.000000
vt 0.103139 0.000000
vt 0.004484 0.000000
vt 0.255605 0.000000
vt 0.282511 0.000000
vt 0.254111 0.000000
vt 0.104634 0.000000
vt 0.284006 0.000000
vt 0.002990 0.000000
vt 0.252616 0.000000
vt 0.285501 0.000000
vt 0.106129 0.000000
vt 0.001495 0.000000
vt 0.251121 0.000000
vt 0.215247 0.000000
vt 0.107623 0.000000
vt 0.000000 0.000000
vt 0.249626 0.000000
vt 0.216741 0.000000
vt 0.109118 0.000000
vt 0.142003 0.000000
vt 0.218236 0.000000
vt 0.248132 0.000000
vt 0.219731 0.000000
vt 0.246637 0.000000
vt 0.110613 0.000000
vt 0.140508 0.000000
vt 0.221226 0.000000
vt 0.245142 0.000000
vt 0.222720 0.000000
vt 0.243647 0.000000
vt 0.112108 0.000000
vt 0.139013 0.000000
vt 0.224215 0.000000
vt 0.242152 0.000000
vt 0.225710 0.000000
vt 0.240658 0.000000
vt 0.113602 0.000000
vt 0.137519 0.000000
vt 0.227205 0.000000
vt 0.239163 0.000000
vt 0.228700 0.000000
vt 0.237668 0.000000
vt 0.230194 0.000000
vt 0.236173 0.000000
vt 0.231689 0.000000
vt 0.234679 0.000000
vt 0.115097 0.000000
vt 0.136024 0.000000
vt 0.233184 0.000000
vt 0.116592 0.000000
vt 0.134529 0.000000
vt 0.118087 0.000000
vt 0.133034 0.000000
vt 0.119581 0.000000
vt 0.131540 0.000000
vt 0.121076 0.000000
vt 0.130045 0.000000
vt 0.122571 0.000000
vt 0.128550 0.000000
vt 0.124066 0.000000
vt 0.127055 0.000000
vt 0.125561 0.000000
s 0
f 199/1/1 198/2/1 197/3/1
f 199/1/1 197/3/1 196/4/1
f 196/4/1 195/5/1 194/6/1
f 196/4/1 194/6/1 193/7/1
f 199/1/1 196/4/1 201/8/1
f 201/8/1 196/4/1 193/7/1
f 201/8/1 193/7/1 203/9/1
f 199/1/1 201/8/1 200/10/1
f 202/11/1 201/8/1 203/9/1
f 241/12/1 240/13/1 239/14/1
f 241/12/1 239/14/1 238/15/1
f 242/16/1 241/12/1 238/15/1
f 242/16/1 238/15/1 237/17/1
f 243/18/1 242/16/1 237/17/1
f 243/18/1 237/17/1 236/19/1
f 244/20/1 243/18/1 236/19/1
f 244/20/1 236/19/1 235/21/1
f 245/22/1 244/20/1 235/21/1
f 245/22/1 235/21/1 234/23/1
f 246/24/1 245/22/1 264/25/1
f 264/25/1 245/22/1 234/23/1
f 246/24/1 264/25/1 263/26/1
f 265/27/1 264/25/1 234/23/1
f 266/28/1 265/27/1 234/23/1
f 246/24/1 263/26/1 262/29/1
f 267/30/1 266/28/1 234/23/1
f 246/24/1 262/29/1 261/31/1
f 267/30/1 234/23/1 233/32/1
f 247/33/1 246/24/1 261/31/1
f 268/34/1 267/30/1 233/32/1
f 247/33/1 261/31/1 260/35/1
f 269/36/1 268/34/1 233/32/1
f 247/33/1 260/35/1 259/37/1
f 269/36/1 233/32/1 232/38/1
f 248/39/1 247/33/1 259/37/1
f 270/40/1 269/36/1 232/38/1
f 248/39/1 259/37/1 258/41/1
f 271/42/1 270/40/1 232/38/1
f 248/39/1 258/41/1 257/43/1
f 271/42/1 232/38/1 231/44/1
f 249/45/1 248/39/1 257/43/1
f 272/46/1 271/42/1 231/44/1
f 249/45/1 257/43/1 256/47/1
f 272/46/1 231/44/1 230/48/1
f 250/49/1 249/45/1 256/47/1
f 273/50/1 272/46/1 230/48/1
f 250/49/1 256/47/1 255/51/1
f 274/52/1 273/50/1 230/48/1
f 250/49/1 255/51/1 254/53/1
f 274/52/1 230/48/1 229/54/1
f 251/55/1 250/49/1 254/53/1
f 275/56/1 274/52/1 229/54/1
f 251/55/1 254/53/1 253/57/1
f 275/56/1 229/54/1 228/58/1
f 204/59/1 251/55/1 253/57/1
f 276/60/1 275/56/1 228/58/1
f 204/59/1 253/57/1 252/61/1
f 205/62/1 204/59/1 252/61/1
f 205/62/1 252/61/1 299/63/1
f 277/64/1 276/60/1 228/58/1
f 277/64/1 228/58/1 227/65/1
f 205/62/1 299/63/1 298/66/1
f 278/67/1 277/64/1 227/65/1
f 278/67/1 227/65/1 226/68/1
f 206/69/1 205/62/1 298/66/1
f 206/69/1 298/66/1 297/70/1
f 279/71/1 278/67/1 226/68/1
f 279/71/1 226/68/1 225/72/1
f 207/73/1 206/69/1 297/70/1
f 280/74/1 279/71/1 225/72/1
f 207/73/1 297/70/1 296/75/1
f 280/74/1 225/72/1 224/76/1
f 208/77/1 207/73/1 296/75/1
f 281/78/1 280/74/1 224/76/1
f 208/77/1 296/75/1 295/79/1
f 282/80/1 281/78/1 224/76/1
f 208/77/1 295/79/1 294/81/1
f 282/80/1 224/76/1 223/82/1
f 209/83/1 208/77/1 294/81/1
f 283/84/1 282/80/1 223/82/1
f 209/83/1 294/81/1 293/85/1
f 284/86/1 283/84/1 223/82/1
f 209/83/1 293/85/1 292/87/1
f 284/86/1 223/82/1 222/88/1
f 210/89/1 209/83/1 292/87/1
f 285/90/1 284/86/1 222/88/1
f 210/89/1 292/87/1 291/91/1
f 286/92/1 285/90/1 222/88/1
f 210/89/1 291/91/1 290/93/1
f 286/92/1 222/88/1 221/94/1
f 211/95/1 210/89/1 290/93/1
f 287/96/1 286/92/1 221/94/1
f 211/95/1 290/93/1 289/97/1
f 288/98/1 287/96/1 221/94/1
f 211/95/1 289/97/1 288/98/1
f 211/95/1 288/98/1 221/94/1
f 211/95/1 221/94/1 220/99/1
f 212/100/1 211/95/1 220/99/1
f 212/100/1 220/99/1 219/101/1
f 213/102/1 212/100/1 219/101/1
f 213/102/1 219/101/1 218/103/1
f 214/104/1 213/102/1 218/103/1
f 214/104/1 218/103/1 217/105/1
f 215/106/1 214/104/1 217/105/1
f 215/106/1 217/105/1 216/107/1
f 305/108/1 304/109/1 303/110/1
f 305/108/1 303/110/1 302/111/1
f 302/111/1 301/112/1 300/113/1
f 302/111/1 300/113/1 306/114/1
f 305/108/1 302/111/1 306/114/1
f 320/115/1 319/116/1 318/117/1
f 320/115/1 318/117/1 317/118/1
f 321/119/1 320/115/1 317/118/1
f 321/119/1 317/118/1 316/120/1
f 322/121/1 321/119/1 316/120/1
f 322/121/1 316/120/1 315/122/1
f 323/123/1 322/121/1 315/122/1
f 324/124/1 323/123/1 315/122/1
f 324/124/1 315/122/1 314/125/1
f 325/126/1 324/124/1 314/125/1
f 325/126/1 314/125/1 391/127/1
f 391/127/1 314/125/1 313/128/1
f 325/126/1 391/127/1 390/129/1
f 392/130/1 391/127/1 313/128/1
f 325/126/1 390/129/1 389/131/1
f 393/132/1 392/130/1 313/128/1
f 326/133/1 325/126/1 389/131/1
f 393/132/1 313/128/1 312/134/1
f 326/133/1 389/131/1 388/135/1
f 394/136/1 393/132/1 312/134/1
f 326/133/1 388/135/1 387/137/1
f 395/138/1 394/136/1 312/134/1
f 326/133/1 387/137/1 386/139/1
f 396/140/1 395/138/1 312/134/1
f 327/141/1 326/133/1 386/139/1
f 396/140/1 312/134/1 311/142/1
f 327/141/1 386/139/1 385/143/1
f 397/144/1 396/140/1 311/142/1
f 327/141/1 385/143/1 384/145/1
f 398/146/1 397/144/1 311/142/1
f 328/147/1 327/141/1 384/145/1
f 398/146/1 311/142/1 310/148/1
f 328/147/1 384/145/1 383/149/1
f 399/150/1 398/146/1 310/148/1
f 329/151/1 328/147/1 383/149/1
f 399/150/1 310/148/1 309/152/1
f 329/151/1 383/149/1 382/153/1
f 400/154/1 399/150/1 309/152/1
f 329/151/1 382/153/1 381/155/1
f 401/156/1 400/154/1 309/152/1
f 330/157/1 329/151/1 381/155/1
f 401/156/1 309/152/1 308/158/1
f 330/157/1 381/155/1 380/159/1
f 402/160/1 401/156/1 308/158/1
f 331/161/1 330/157/1 380/159/1
f 402/160/1 308/158/1 307/162/1
f 331/161/1 380/159/1 379/163/1
f 355/164/1 402/160/1 307/162/1
f 332/165/1 331/161/1 379/163/1
f 332/165/1 379/163/1 378/166/1
f 356/167/1 355/164/1 307/162/1
f 356/167/1 307/162/1 354/168/1
f 332/165/1 378/166/1 377/169/1
f 357/170/1 356/167/1 354/168/1
f 333/171/1 332/165/1 377/169/1
f 357/170/1 354/168/1 353/172/1
f 333/171/1 377/169/1 376/173/1
f 358/174/1 357/170/1 353/172/1
f 334/175/1 333/171/1 376/173/1
f 358/174/1 353/172/1 352/176/1
f 359/177/1 358/174/1 352/176/1
f 334/175/1 376/173/1 375/178/1
f 360/179/1 359/177/1 352/176/1
f 334/175/1 375/178/1 374/180/1
f 335/181/1 334/175/1 374/180/1
f 360/179/1 352/176/1 351/182/1
f 361/183/1 360/179/1 351/182/1
f 335/181/1 374/180/1 373/184/1
f 336/185/1 335/181/1 373/184/1
f 361/183/1 351/182/1 350/186/1
f 362/187/1 361/183/1 350/186/1
f 336/185/1 373/184/1 372/188/1
f 363/189/1 362/187/1 350/186/1
f 336/185/1 372/188/1 371/190/1
f 337/191/1 336/185/1 371/190/1
f 363/189/1 350/186/1 349/192/1
f 364/193/1 363/189/1 349/192/1
f 337/191/1 371/190/1 370/194/1
f 365/195/1 364/193/1 349/192/1
f 337/191/1 370/194/1 369/196/1
f 366/197/1 365/195/1 349/192/1
f 337/191/1 369/196/1 368/198/1
f 338/199/1 337/191/1 368/198/1
f 366/197/1 349/192/1 348/200/1
f 367/201/1 366/197/1 348/200/1
f 338/199/1 368/198/1 367/201/1
f 338/199/1 367/201/1 348/200/1
f 339/202/1 338/199/1 348/200/1
f 339/202/1 348/200/1 347/203/1
f 340/204/1 339/202/1 347/203/1
f 340/204/1 347/203/1 346/205/1
f 341/206/1 340/204/1 346/205/1
f 341/206/1 346/205/1 345/207/1
f 342/208/1 341/206/1 345/207/1
f 342/208/1 345/207/1 344/209/1
f 343/210/1 342/208/1 344/209/1
f 538/211/1 537/212/1 536/213/1
f 539/214/1 538/211/1 536/213/1
f 540/215/1 539/214/1 536/213/1
f 540/215/1 536/213/1 535/216/1
f 541/217/1 540/215/1 535/216/1
f 542/218/1 541/217/1 535/216/1
f 543/219/1 542/218/1 535/216/1
f 543/219/1 535/216/1 534/220/1
f 544/221/1 543/219/1 534/220/1
f 545/222/1 544/221/1 534/220/1
f 546/223/1 545/222/1 534/220/1
f 546/223/1 534/220/1 533/224/1
f 547/225/1 546/223/1 533/224/1
f 548/226/1 547/225/1 533/224/1
f 548/226/1 533/224/1 532/227/1
f 549/228/1 548/226/1 532/227/1
f 403/229/1 549/228/1 404/230/1
f 404/230/1 549/228/1 405/231/1
f 405/231/1 549/228/1 406/232/1
f 406/232/1 549/228/1 407/233/1
f 407/233/1 549/228/1 532/227/1
f 407/233/1 532/227/1 408/234/1
f 408/234/1 532/227/1 409/235/1
f 409/235/1 532/227/1 531/236/1
f 409/235/1 531/236/1 410/237/1
f 410/237/1 531/236/1 411/238/1
f 411/238/1 531/236/1 530/239/1
f 411/238/1 530/239/1 412/240/1
f 412/240/1 530/239/1 413/241/1
f 413/241/1 530/239/1 414/242/1
f 414/242/1 530/239/1 529/243/1
f 414/242/1 529/243/1 415/244/1
f 415/244/1 529/243/1 416/245/1
f 416/245/1 529/243/1 528/246/1
f 417/247/1 416/245/1 528/246/1
f 418/248/1 417/247/1 528/246/1
f 419/249/1 418/248/1 528/246/1
f 419/249/1 528/246/1 527/250/1
f 420/251/1 419/249/1 527/250/1
f 421/252/1 420/251/1 527/250/1
f 422/253/1 421/252/1 527/250/1
f 422/253/1 527/250/1 526/254/1
f 423/255/1 422/253/1 526/254/1
f 424/256/1 423/255/1 526/254/1
f 424/256/1 526/254/1 525/257/1
f 425/258/1 424/256/1 525/257/1
f 426/259/1 425/258/1 525/257/1
f 426/259/1 525/257/1 524/260/1
f 427/261/1 426/259/1 524/260/1
f 428/262/1 427/261/1 524/260/1
f 428/262/1 524/260/1 523/263/1
f 429/264/1 428/262/1 523/263/1
f 429/264/1 523/263/1 522/265/1
f 430/266/1 429/264/1 522/265/1
f 430/266/1 522/265/1 521/267/1
f 431/268/1 430/266/1 521/267/1
f 431/268/1 521/267/1 520/269/1
f 432/270/1 431/268/1 520/269/1
f 432/270/1 520/269/1 519/271/1
f 433/272/1 432/270/1 519/271/1
f 434/273/1 433/272/1 519/271/1
f 434/273/1 519/271/1 518/274/1
f 435/275/1 434/273/1 518/274/1
f 435/275/1 518/274/1 517/276/1
f 436/277/1 435/275/1 517/276/1
f 437/278/1 436/277/1 517/276/1
f 438/279/1 437/278/1 517/276/1
f 438/279/1 517/276/1 516/280/1
f 439/281/1 438/279/1 516/280/1
f 440/282/1 439/281/1 516/280/1
f 440/282/1 516/280/1 515/283/1
f 440/282/1 515/283/1 514/284/1
f 440/282/1 514/284/1 513/285/1
f 440/282/1 513/285/1 512/286/1
f 440/282/1 512/286/1 511/287/1
f 440/282/1 511/287/1 510/288/1
f 440/282/1 510/288/1 509/289/1
f 440/282/1 509/289/1 508/290/1
f 440/282/1 508/290/1 441/291/1
f 441/291/1 508/290/1 507/292/1
f 442/293/1 441/291/1 507/292/1
f 443/294/1 442/293/1 507/292/1
f 444/295/1 443/294/1 507/292/1
f 444/295/1 507/292/1 506/296/1
f 445/297/1 444/295/1 506/296/1
f 446/298/1 445/297/1 506/296/1
f 446/298/1 506/296/1 505/299/1
f 447/300/1 446/298/1 505/299/1
f 447/300/1 505/299/1 504/301/1
f 448/302/1 447/300/1 504/301/1
f 449/303/1 448/302/1 504/301/1
f 449/303/1 504/301/1 503/304/1
f 450/305/1 449/303/1 503/304/1
f 450/305/1 503/304/1 502/306/1
f 451/307/1 450/305/1 502/306/1
f 451/307/1 502/306/1 501/308/1
f 452/309/1 451/307/1 501/308/1
f 452/309/1 501/308/1 500/310/1
f 453/311/1 452/309/1 500/310/1
f 454/312/1 453/311/1 500/310/1
f 454/312/1 500/310/1 499/313/1
f 455/314/1 454/312/1 499/313/1
f 456/315/1 455/314/1 499/313/1
f 456/315/1 499/313/1 498/316/1
f 477/317/1 476/318/1 475/319/1
f 457/320/1 456/315/1 498/316/1
f 477/317/1 475/319/1 474/321/1
f 458/322/1 457/320/1 498/316/1
f 477/317/1 474/321/1 473/323/1
f 458/322/1 498/316/1 497/324/1
f 459/325/1 458/322/1 497/324/1
f 477/317/1 473/323/1 472/326/1
f 477/317/1 472/326/1 471/327/1
f 460/328/1 459/325/1 497/324/1
f 477/317/1 471/327/1 470/329/1
f 461/330/1 460/328/1 497/324/1
f 477/317/1 470/329/1 469/331/1
f 477/317/1 469/331/1 468/332/1
f 462/333/1 461/330/1 497/324/1
f 462/333/1 497/324/1 496/334/1
f 477/317/1 468/332/1 467/335/1
f 463/336/1 462/333/1 496/334/1
f 477/317/1 467/335/1 466/337/1
f 477/317/1 466/337/1 465/338/1
f 464/339/1 463/336/1 496/334/1
f 477/317/1 465/338/1 464/339/1
f 477/317/1 464/339/1 496/334/1
f 477/317/1 496/334/1 495/340/1
f 477/317/1 495/340/1 494/341/1
f 477/317/1 494/341/1 493/342/1
f 478/343/1 477/317/1 493/342/1
f 479/344/1 478/343/1 493/342/1
f 480/345/1 479/344/1 493/342/1
f 480/345/1 493/342/1 492/346/1
f 481/347/1 480/345/1 492/346/1
f 482/348/1 481/347/1 492/346/1
f 482/348/1 492/346/1 491/349/1
f 483/350/1 482/348/1 491/349/1
f 484/351/1 483/350/1 491/349/1
f 485/352/1 484/351/1 491/349/1
f 485/352/1 491/349/1 490/353/1
f 486/354/1 485/352/1 490/353/1
f 487/355/1 486/354/1 490/353/1
f 487/355/1 490/353/1 489/356/1
f 488/357/1 487/355/1 489/356/1
f 551/358/1 550/359/1 622/360/1
f 552/361/1 551/358/1 622/360/1
f 553/362/1 552/361/1 622/360/1
f 553/362/1 622/360/1 621/363/1
f 553/362/1 621/363/1 620/364/1
f 554/365/1 553/362/1 620/364/1
f 554/365/1 620/364/1 619/366/1
f 554/365/1 619/366/1 618/367/1
f 555/368/1 554/365/1 618/367/1
f 555/368/1 618/367/1 617/369/1
f 555/368/1 617/369/1 616/370/1
f 556/371/1 555/368/1 616/370/1
f 556/371/1 616/370/1 615/372/1
f 556/371/1 615/372/1 614/373/1
f 557/374/1 556/371/1 614/373/1
f 557/374/1 614/373/1 613/375/1
f 558/376/1 557/374/1 613/375/1
f 558/376/1 613/375/1 612/377/1
f 558/376/1 612/377/1 611/378/1
f 559/379/1 558/376/1 611/378/1
f 599/380/1 598/381/1 597/382/1
f 600/383/1 599/380/1 597/382/1
f 601/384/1 600/383/1 597/382/1
f 601/384/1 597/382/1 596/385/1
f 602/386/1 601/384/1 596/385/1
f 603/387/1 602/386/1 596/385/1
f 559/379/1 611/378/1 610/388/1
f 604/389/1 603/387/1 596/385/1
f 604/389/1 596/385/1 595/390/1
f 605/391/1 604/389/1 595/390/1
f 606/392/1 605/391/1 595/390/1
f 607/393/1 606/392/1 595/390/1
f 607/393/1 595/390/1 594/394/1
f 608/395/1 607/393/1 594/394/1
f 609/396/1 608/395/1 594/394/1
f 610/388/1 609/396/1 594/394/1
f 610/388/1 594/394/1 593/397/1
f 559/379/1 610/388/1 593/397/1
f 560/398/1 559/379/1 593/397/1
f 560/398/1 593/397/1 592/399/1
f 560/398/1 592/399/1 591/400/1
f 561/401/1 560/398/1 632/402/1
f 632/402/1 560/398/1 633/403/1
f 633/403/1 560/398/1 591/400/1
f 633/403/1 591/400/1 634/404/1
f 634/404/1 591/400/1 635/405/1
f 635/405/1 591/400/1 590/406/1
f 636/407/1 635/405/1 590/406/1
f 637/408/1 636/407/1 590/406/1
f 561/401/1 632/402/1 631/409/1
f 561/401/1 631/409/1 630/410/1
f 638/411/1 637/408/1 590/406/1
f 638/411/1 590/406/1 589/412/1
f 561/401/1 630/410/1 629/413/1
f 561/401/1 629/413/1 628/414/1
f 639/415/1 638/411/1 589/412/1
f 561/401/1 628/414/1 627/416/1
f 640/417/1 639/415/1 589/412/1
f 561/401/1 627/416/1 626/418/1
f 561/401/1 626/418/1 625/419/1
f 641/420/1 640/417/1 589/412/1
f 561/401/1 625/419/1 624/421/1
f 562/422/1 561/401/1 624/421/1
f 641/420/1 589/412/1 588/423/1
f 562/422/1 624/421/1 623/424/1
f 642/425/1 641/420/1 588/423/1
f 562/422/1 623/424/1 670/426/1
f 643/427/1 642/425/1 588/423/1
f 644/428/1 643/427/1 588/423/1
f 644/428/1 588/423/1 587/429/1
f 562/422/1 670/426/1 669/430/1
f 645/431/1 644/428/1 587/429/1
f 563/432/1 562/422/1 669/430/1
f 646/433/1 645/431/1 587/429/1
f 646/433/1 587/429/1 586/434/1
f 563/432/1 669/430/1 668/435/1
f 647/436/1 646/433/1 586/434/1
f 564/437/1 563/432/1 668/435/1
f 648/438/1 647/436/1 586/434/1
f 648/438/1 586/434/1 585/439/1
f 564/437/1 668/435/1 667/440/1
f 649/441/1 648/438/1 585/439/1
f 564/437/1 667/440/1 666/442/1
f 649/441/1 585/439/1 584/443/1
f 565/444/1 564/437/1 666/442/1
f 650/445/1 649/441/1 584/443/1
f 651/446/1 650/445/1 584/443/1
f 565/444/1 666/442/1 665/447/1
f 651/446/1 584/443/1 583/448/1
f 652/449/1 651/446/1 583/448/1
f 566/450/1 565/444/1 665/447/1
f 566/450/1 665/447/1 664/451/1
f 653/452/1 652/449/1 583/448/1
f 566/450/1 664/451/1 663/453/1
f 653/452/1 583/448/1 582/454/1
f 654/455/1 653/452/1 582/454/1
f 567/456/1 566/450/1 663/453/1
f 567/456/1 663/453/1 662/457/1
f 655/458/1 654/455/1 582/454/1
f 656/459/1 655/458/1 582/454/1
f 567/456/1 662/457/1 661/460/1
f 656/459/1 582/454/1 581/461/1
f 657/462/1 656/459/1 581/461/1
f 567/456/1 661/460/1 660/463/1
f 658/464/1 657/462/1 581/461/1
f 567/456/1 660/463/1 659/465/1
f 659/465/1 658/464/1 581/461/1
f 567/456/1 659/465/1 581/461/1
f 568/466/1 567/456/1 581/461/1
f 568/466/1 581/461/1 580/467/1
f 569/468/1 568/466/1 580/467/1
f 569/468/1 580/467/1 579/469/1
f 570/470/1 569/468/1 579/469/1
f 570/470/1 579/469/1 578/471/1
f 571/472/1 570/470/1 578/471/1
f 571/472/1 578/471/1 577/473/1
f 572/474/1 571/472/1 577/473/1
f 572/474/1 577/473/1 576/475/1
f 573/476/1 572/474/1 576/475/1
f 573/476/1 576/475/1 575/477/1
f 574/478/1 573/476/1 575/477/1
f 38/479/1 37/480/1 36/481/1
f 39/482/1 38/479/1 36/481/1
f 39/482/1 36/481/1 35/483/1
f 40/484/1 39/482/1 35/483/1
f 40/484/1 35/483/1 34/485/1
f 41/486/1 40/484/1 34/485/1
f 41/486/1 34/485/1 33/487/1
f 42/488/1 41/486/1 33/487/1
f 42/488/1 33/487/1 32/489/1
f 43/490/1 42/488/1 32/489/1
f 43/490/1 32/489/1 31/491/1
f 44/492/1 43/490/1 31/491/1
f 44/492/1 31/491/1 30/493/1
f 45/494/1 44/492/1 30/493/1
f 45/494/1 30/493/1 133/495/1
f 133/495/1 30/493/1 29/496/1
f 45/494/1 133/495/1 132/497/1
f 134/498/1 133/495/1 29/496/1
f 45/494/1 132/497/1 131/499/1
f 135/500/1 134/498/1 29/496/1
f 46/501/1 45/494/1 131/499/1
f 46/501/1 131/499/1 130/502/1
f 135/500/1 29/496/1 28/503/1
f 136/504/1 135/500/1 28/503/1
f 46/501/1 130/502/1 129/505/1
f 137/506/1 136/504/1 28/503/1
f 46/501/1 129/505/1 128/507/1
f 138/508/1 137/506/1 28/503/1
f 46/501/1 128/507/1 127/509/1
f 139/510/1 138/508/1 28/503/1
f 47/511/1 46/501/1 127/509/1
f 139/510/1 28/503/1 27/512/1
f 47/511/1 127/509/1 126/513/1
f 140/514/1 139/510/1 27/512/1
f 47/511/1 126/513/1 125/515/1
f 141/516/1 140/514/1 27/512/1
f 47/511/1 125/515/1 124/517/1
f 48/518/1 47/511/1 124/517/1
f 142/519/1 141/516/1 27/512/1
f 142/519/1 27/512/1 26/520/1
f 48/518/1 124/517/1 123/521/1
f 143/522/1 142/519/1 26/520/1
f 48/518/1 123/521/1 122/523/1
f 144/524/1 143/522/1 26/520/1
f 49/525/1 48/518/1 122/523/1
f 144/524/1 26/520/1 25/526/1
f 49/525/1 122/523/1 121/527/1
f 97/528/1 144/524/1 25/526/1
f 49/525/1 121/527/1 120/529/1
f 50/530/1 49/525/1 120/529/1
f 98/531/1 97/528/1 25/526/1
f 98/531/1 25/526/1 24/532/1
f 50/530/1 120/529/1 119/533/1
f 99/534/1 98/531/1 24/532/1
f 51/535/1 50/530/1 119/533/1
f 99/534/1 24/532/1 23/536/1
f 51/535/1 119/533/1 118/537/1
f 100/538/1 99/534/1 23/536/1
f 100/538/1 23/536/1 22/539/1
f 52/540/1 51/535/1 118/537/1
f 52/540/1 118/537/1 117/541/1
f 101/542/1 100/538/1 22/539/1
f 101/542/1 22/539/1 21/543/1
f 53/544/1 52/540/1 117/541/1
f 53/544/1 117/541/1 116/545/1
f 102/546/1 101/542/1 21/543/1
f 102/546/1 21/543/1 20/547/1
f 54/548/1 53/544/1 116/545/1
f 54/548/1 116/545/1 115/549/1
f 103/550/1 102/546/1 20/547/1
f 103/550/1 20/547/1 19/551/1
f 55/552/1 54/548/1 115/549/1
f 55/552/1 115/549/1 114/553/1
f 104/554/1 103/550/1 19/551/1
f 104/554/1 19/551/1 18/555/1
f 55/552/1 114/553/1 113/556/1
f 105/557/1 104/554/1 18/555/1
f 56/558/1 55/552/1 113/556/1
f 56/558/1 113/556/1 112/559/1
f 106/560/1 105/557/1 18/555/1
f 106/560/1 18/555/1 17/561/1
f 57/562/1 56/558/1 112/559/1
f 57/562/1 112/559/1 111/563/1
f 107/564/1 106/560/1 17/561/1
f 57/562/1 111/563/1 110/565/1
f 108/566/1 107/564/1 17/561/1
f 57/562/1 110/565/1 109/567/1
f 109/567/1 108/566/1 17/561/1
f 57/562/1 109/567/1 17/561/1
f 57/562/1 17/561/1 16/568/1
f 58/569/1 57/562/1 16/568/1
f 58/569/1 16/568/1 15/570/1
f 59/571/1 58/569/1 15/570/1
f 59/571/1 15/570/1 14/572/1
f 60/573/1 59/571/1 14/572/1
f 60/573/1 14/572/1 13/574/1
f 61/575/1 60/573/1 13/574/1
f 62/576/1 61/575/1 13/574/1
f 62/576/1 13/574/1 12/577/1
f 62/576/1 12/577/1 11/578/1
f 63/579/1 62/576/1 11/578/1
f 63/579/1 11/578/1 10/580/1
f 64/581/1 63/579/1 10/580/1
f 64/581/1 10/580/1 9/582/1
f 65/583/1 64/581/1 9/582/1
f 65/583/1 9/582/1 181/584/1
f 181/584/1 9/582/1 8/585/1
f 66/586/1 65/583/1 181/584/1
f 66/586/1 181/584/1 180/587/1
f 182/588/1 181/584/1 8/585/1
f 66/586/1 180/587/1 179/589/1
f 183/590/1 182/588/1 8/585/1
f 66/586/1 179/589/1 178/591/1
f 184/592/1 183/590/1 8/585/1
f 184/592/1 8/585/1 7/593/1
f 67/594/1 66/586/1 178/591/1
f 67/594/1 178/591/1 177/595/1
f 185/596/1 184/592/1 7/593/1
f 67/594/1 177/595/1 176/597/1
f 186/598/1 185/596/1 7/593/1
f 186/598/1 7/593/1 6/599/1
f 68/600/1 67/594/1 176/597/1
f 68/600/1 176/597/1 175/601/1
f 187/602/1 186/598/1 6/599/1
f 68/600/1 175/601/1 174/603/1
f 188/604/1 187/602/1 6/599/1
f 69/605/1 68/600/1 174/603/1
f 188/604/1 6/599/1 5/606/1
f 69/605/1 174/603/1 173/607/1
f 189/608/1 188/604/1 5/606/1
f 70/609/1 69/605/1 173/607/1
f 189/608/1 5/606/1 4/610/1
f 70/609/1 173/607/1 172/611/1
f 190/612/1 189/608/1 4/610/1
f 70/609/1 172/611/1 171/613/1
f 71/614/1 70/609/1 171/613/1
f 191/615/1 190/612/1 4/610/1
f 191/615/1 4/610/1 3/616/1
f 71/614/1 171/613/1 170/617/1
f 192/618/1 191/615/1 3/616/1
f 72/619/1 71/614/1 170/617/1
f 192/618/1 3/616/1 2/620/1
f 72/619/1 170/617/1 169/621/1
f 145/622/1 192/618/1 2/620/1
f 73/623/1 72/619/1 169/621/1
f 145/622/1 2/620/1 1/624/1
f 73/623/1 169/621/1 168/625/1
f 146/626/1 145/622/1 1/624/1
f 74/627/1 73/623/1 168/625/1
f 146/626/1 1/624/1 96/628/1
f 147/629/1 146/626/1 96/628/1
f 74/627/1 168/625/1 167/630/1
f 148/631/1 147/629/1 96/628/1
f 74/627/1 167/630/1 166/632/1
f 75/633/1 74/627/1 166/632/1
f 148/631/1 96/628/1 95/634/1
f 149/635/1 148/631/1 95/634/1
f 75/633/1 166/632/1 165/636/1
f 150/637/1 149/635/1 95/634/1
f 75/633/1 165/636/1 164/638/1
f 76/639/1 75/633/1 164/638/1
f 150/637/1 95/634/1 94/640/1
f 151/641/1 150/637/1 94/640/1
f 76/639/1 164/638/1 163/642/1
f 152/643/1 151/641/1 94/640/1
f 76/639/1 163/642/1 162/644/1
f 77/645/1 76/639/1 162/644/1
f 152/643/1 94/640/1 93/646/1
f 153/647/1 152/643/1 93/646/1
f 77/645/1 162/644/1 161/648/1
f 154/649/1 153/647/1 93/646/1
f 77/645/1 161/648/1 160/650/1
f 155/651/1 154/649/1 93/646/1
f 77/645/1 160/650/1 159/652/1
f 156/653/1 155/651/1 93/646/1
f 77/645/1 159/652/1 158/654/1
f 78/655/1 77/645/1 158/654/1
f 156/653/1 93/646/1 92/656/1
f 157/657/1 156/653/1 92/656/1
f 78/655/1 158/654/1 157/657/1
f 78/655/1 157/657/1 92/656/1
f 79/658/1 78/655/1 92/656/1
f 79/658/1 92/656/1 91/659/1
f 80/660/1 79/658/1 91/659/1
f 80/660/1 91/659/1 90/661/1
f 81/662/1 80/660/1 90/661/1
f 81/662/1 90/661/1 89/663/1
f 82/664/1 81/662/1 89/663/1
f 82/664/1 89/663/1 88/665/1
f 83/666/1 82/664/1 88/665/1
f 83/666/1 88/665/1 87/667/1
f 84/668/1 83/666/1 87/667/1
f 84/668/1 87/667/1 86/669/1
f 85/670/1 84/668/1 86/669/1
f 869/1/2 867/3/2 868/2/2
f 869/1/2 866/4/2 867/3/2
f 866/4/2 864/6/2 865/5/2
f 866/4/2 863/7/2 864/6/2
f 869/1/2 871/8/2 866/4/2
f 871/8/2 863/7/2 866/4/2
f 871/8/2 873/9/2 863/7/2
f 869/1/2 870/10/2 871/8/2
f 872/11/2 873/9/2 871/8/2
f 911/12/2 909/14/2 910/13/2
f 911/12/2 908/15/2 909/14/2
f 912/16/2 908/15/2 911/12/2
f 912/16/2 907/17/2 908/15/2
f 913/18/2 907/17/2 912/16/2
f 913/18/2 906/19/2 907/17/2
f 914/20/2 906/19/2 913/18/2
f 914/20/2 905/21/2 906/19/2
f 915/22/2 905/21/2 914/20/2
f 915/22/2 904/23/2 905/21/2
f 916/24/2 934/25/2 915/22/2
f 934/25/2 904/23/2 915/22/2
f 916/24/2 933/26/2 934/25/2
f 935/27/2 904/23/2 934/25/2
f 936/28/2 904/23/2 935/27/2
f 916/24/2 932/29/2 933/26/2
f 937/30/2 904/23/2 936/28/2
f 916/24/2 931/31/2 932/29/2
f 937/30/2 903/32/2 904/23/2
f 917/33/2 931/31/2 916/24/2
f 938/34/2 903/32/2 937/30/2
f 917/33/2 930/35/2 931/31/2
f 939/36/2 903/32/2 938/34/2
f 917/33/2 929/37/2 930/35/2
f 939/36/2 902/38/2 903/32/2
f 918/39/2 929/37/2 917/33/2
f 940/40/2 902/38/2 939/36/2
f 918/39/2 928/41/2 929/37/2
f 941/42/2 902/38/2 940/40/2
f 918/39/2 927/43/2 928/41/2
f 941/42/2 901/44/2 902/38/2
f 919/45/2 927/43/2 918/39/2
f 942/46/2 901/44/2 941/42/2
f 919/45/2 926/47/2 927/43/2
f 942/46/2 900/48/2 901/44/2
f 920/49/2 926/47/2 919/45/2
f 943/50/2 900/48/2 942/46/2
f 920/49/2 925/51/2 926/47/2
f 944/52/2 900/48/2 943/50/2
f 920/49/2 924/53/2 925/51/2
f 944/52/2 899/54/2 900/48/2
f 921/55/2 924/53/2 920/49/2
f 945/56/2 899/54/2 944/52/2
f 921/55/2 923/57/2 924/53/2
f 945/56/2 898/58/2 899/54/2
f 874/59/2 923/57/2 921/55/2
f 946/60/2 898/58/2 945/56/2
f 874/59/2 922/61/2 923/57/2
f 875/62/2 922/61/2 874/59/2
f 875/62/2 969/63/2 922/61/2
f 947/64/2 898/58/2 946/60/2
f 947/64/2 897/65/2 898/58/2
f 875/62/2 968/66/2 969/63/2
f 948/67/2 897/65/2 947/64/2
f 948/67/2 896/68/2 897/65/2
f 876/69/2 968/66/2 875/62/2
f 876/69/2 967/70/2 968/66/2
f 949/71/2 896/68/2 948/67/2
f 949/71/2 895/72/2 896/68/2
f 877/73/2 967/70/2 876/69/2
f 950/74/2 895/72/2 949/71/2
f 877/73/2 966/75/2 967/70/2
f 950/74/2 894/76/2 895/72/2
f 878/77/2 966/75/2 877/73/2
f 951/78/2 894/76/2 950/74/2
f 878/77/2 965/79/2 966/75/2
f 952/80/2 894/76/2 951/78/2
f 878/77/2 964/81/2 965/79/2
f 952/80/2 893/82/2 894/76/2
f 879/83/2 964/81/2 878/77/2
f 953/84/2 893/82/2 952/80/2
f 879/83/2 963/85/2 964/81/2
f 954/86/2 893/82/2 953/84/2
f 879/83/2 962/87/2 963/85/2
f 954/86/2 892/88/2 893/82/2
f 880/89/2 962/87/2 879/83/2
f 955/90/2 892/88/2 954/86/2
f 880/89/2 961/91/2 962/87/2
f 956/92/2 892/88/2 955/90/2
f 880/89/2 960/93/2 961/91/2
f 956/92/2 891/94/2 892/88/2
f 881/95/2 960/93/2 880/89/2
f 957/96/2 891/94/2 956/92/2
f 881/95/2 959/97/2 960/93/2
f 958/98/2 891/94/2 957/96/2
f 881/95/2 958/98/2 959/97/2
f 881/95/2 891/94/2 958/98/2
f 881/95/2 890/99/2 891/94/2
f 882/100/2 890/99/2 881/95/2
f 882/100/2 889/101/2 890/99/2
f 883/102/2 889/101/2 882/100/2
f 883/102/2 888/103/2 889/101/2
f 884/104/2 888/103/2 883/102/2
f 884/104/2 887/105/2 888/103/2
f 885/106/2 887/105/2 884/104/2
f 885/106/2 886/107/2 887/105/2
f 975/108/2 973/110/2 974/109/2
f 975/108/2 972/111/2 973/110/2
f 972/111/2 970/113/2 971/112/2
f 972/111/2 976/114/2 970/113/2
f 975/108/2 976/114/2 972/111/2
f 990/115/2 988/117/2 989/116/2
f 990/115/2 987/118/2 988/117/2
f 991/119/2 987/118/2 990/115/2
f 991/119/2 986/120/2 987/118/2
f 992/121/2 986/120/2 991/119/2
f 992/121/2 985/122/2 986/120/2
f 993/123/2 985/122/2 992/121/2
f 994/124/2 985/122/2 993/123/2
f 994/124/2 984/125/2 985/122/2
f 995/126/2 984/125/2 994/124/2
f 995/126/2 1061/127/2 984/125/2
f 1061/127/2 983/128/2 984/125/2
f 995/126/2 1060/129/2 1061/127/2
f 1062/130/2 983/128/2 1061/127/2
f 995/126/2 1059/131/2 1060/129/2
f 1063/132/2 983/128/2 1062/130/2
f 996/133/2 1059/131/2 995/126/2
f 1063/132/2 982/134/2 983/128/2
f 996/133/2 1058/135/2 1059/131/2
f 1064/136/2 982/134/2 1063/132/2
f 996/133/2 1057/137/2 1058/135/2
f 1065/138/2 982/134/2 1064/136/2
f 996/133/2 1056/139/2 1057/137/2
f 1066/140/2 982/134/2 1065/138/2
f 997/141/2 1056/139/2 996/133/2
f 1066/140/2 981/142/2 982/134/2
f 997/141/2 1055/143/2 1056/139/2
f 1067/144/2 981/142/2 1066/140/2
f 997/141/2 1054/145/2 1055/143/2
f 1068/146/2 981/142/2 1067/144/2
f 998/147/2 1054/145/2 997/141/2
f 1068/146/2 980/148/2 981/142/2
f 998/147/2 1053/149/2 1054/145/2
f 1069/150/2 980/148/2 1068/146/2
f 999/151/2 1053/149/2 998/147/2
f 1069/150/2 979/152/2 980/148/2
f 999/151/2 1052/153/2 1053/149/2
f 1070/154/2 979/152/2 1069/150/2
f 999/151/2 1051/155/2 1052/153/2
f 1071/156/2 979/152/2 1070/154/2
f 1000/157/2 1051/155/2 999/151/2
f 1071/156/2 978/158/2 979/152/2
f 1000/157/2 1050/159/2 1051/155/2
f 1072/160/2 978/158/2 1071/156/2
f 1001/161/2 1050/159/2 1000/157/2
f 1072/160/2 977/162/2 978/158/2
f 1001/161/2 1049/163/2 1050/159/2
f 1025/164/2 977/162/2 1072/160/2
f 1002/165/2 1049/163/2 1001/161/2
f 1002/165/2 1048/166/2 1049/163/2
f 1026/167/2 977/162/2 1025/164/2
f 1026/167/2 1024/168/2 977/162/2
f 1002/165/2 1047/169/2 1048/166/2
f 1027/170/2 1024/168/2 1026/167/2
f 1003/171/2 1047/169/2 1002/165/2
f 1027/170/2 1023/172/2 1024/168/2
f 1003/171/2 1046/173/2 1047/169/2
f 1028/174/2 1023/172/2 1027/170/2
f 1004/175/2 1046/173/2 1003/171/2
f 1028/174/2 1022/176/2 1023/172/2
f 1029/177/2 1022/176/2 1028/174/2
f 1004/175/2 1045/178/2 1046/173/2
f 1030/179/2 1022/176/2 1029/177/2
f 1004/175/2 1044/180/2 1045/178/2
f 1005/181/2 1044/180/2 1004/175/2
f 1030/179/2 1021/182/2 1022/176/2
f 1031/183/2 1021/182/2 1030/179/2
f 1005/181/2 1043/184/2 1044/180/2
f 1006/185/2 1043/184/2 1005/181/2
f 1031/183/2 1020/186/2 1021/182/2
f 1032/187/2 1020/186/2 1031/183/2
f 1006/185/2 1042/188/2 1043/184/2
f 1033/189/2 1020/186/2 1032/187/2
f 1006/185/2 1041/190/2 1042/188/2
f 1007/191/2 1041/190/2 1006/185/2
f 1033/189/2 1019/192/2 1020/186/2
f 1034/193/2 1019/192/2 1033/189/2
f 1007/191/2 1040/194/2 1041/190/2
f 1035/195/2 1019/192/2 1034/193/2
f 1007/191/2 1039/196/2 1040/194/2
f 1036/197/2 1019/192/2 1035/195/2
f 1007/191/2 1038/198/2 1039/196/2
f 1008/199/2 1038/198/2 1007/191/2
f 1036/197/2 1018/200/2 1019/192/2
f 1037/201/2 1018/200/2 1036/197/2
f 1008/199/2 1037/201/2 1038/198/2
f 1008/199/2 1018/200/2 1037/201/2
f 1009/202/2 1018/200/2 1008/199/2
f 1009/202/2 1017/203/2 1018/200/2
f 1010/204/2 1017/203/2 1009/202/2
f 1010/204/2 1016/205/2 1017/203/2
f 1011/206/2 1016/205/2 1010/204/2
f 1011/206/2 1015/207/2 1016/205/2
f 1012/208/2 1015/207/2 1011/206/2
f 1012/208/2 1014/209/2 1015/207/2
f 1013/210/2 1014/209/2 1012/208/2
f 1208/211/2 1206/213/2 1207/212/2
f 1209/214/2 1206/213/2 1208/211/2
f 1210/215/2 1206/213/2 1209/214/2
f 1210/215/2 1205/216/2 1206/213/2
f 1211/217/2 1205/216/2 1210/215/2
f 1212/218/2 1205/216/2 1211/217/2
f 1213/219/2 1205/216/2 1212/218/2
f 1213/219/2 1204/220/2 1205/216/2
f 1214/221/2 1204/220/2 1213/219/2
f 1215/222/2 1204/220/2 1214/221/2
f 1216/223/2 1204/220/2 1215/222/2
f 1216/223/2 1203/224/2 1204/220/2
f 1217/225/2 1203/224/2 1216/223/2
f 1218/226/2 1203/224/2 1217/225/2
f 1218/226/2 1202/227/2 1203/224/2
f 1219/228/2 1202/227/2 1218/226/2
f 1073/229/2 1074/230/2 1219/228/2
f 1074/230/2 1075/231/2 1219/228/2
f 1075/231/2 1076/232/2 1219/228/2
f 1076/232/2 1077/233/2 1219/228/2
f 1077/233/2 1202/227/2 1219/228/2
f 1077/233/3 1078/234/3 1202/227/3
f 1078/234/4 1079/235/4 1202/227/4
f 1079/235/2 1201/236/2 1202/227/2
f 1079/235/5 1080/237/5 1201/236/5
f 1080/237/6 1081/238/6 1201/236/6
f 1081/238/2 1200/239/2 1201/236/2
f 1081/238/2 1082/240/2 1200/239/2
f 1082/240/2 1083/241/2 1200/239/2
f 1083/241/2 1084/242/2 1200/239/2
f 1084/242/2 1199/243/2 1200/239/2
f 1084/242/4 1085/244/4 1199/243/4
f 1085/244/2 1086/245/2 1199/243/2
f 1086/245/2 1198/246/2 1199/243/2
f 1087/247/2 1198/246/2 1086/245/2
f 1088/248/2 1198/246/2 1087/247/2
f 1089/249/2 1198/246/2 1088/248/2
f 1089/249/2 1197/250/2 1198/246/2
f 1090/251/2 1197/250/2 1089/249/2
f 1091/252/2 1197/250/2 1090/251/2
f 1092/253/2 1197/250/2 1091/252/2
f 1092/253/2 1196/254/2 1197/250/2
f 1093/255/2 1196/254/2 1092/253/2
f 1094/256/2 1196/254/2 1093/255/2
f 1094/256/2 1195/257/2 1196/254/2
f 1095/258/2 1195/257/2 1094/256/2
f 1096/259/2 1195/257/2 1095/258/2
f 1096/259/2 1194/260/2 1195/257/2
f 1097/261/2 1194/260/2 1096/259/2
f 1098/262/2 1194/260/2 1097/261/2
f 1098/262/2 1193/263/2 1194/260/2
f 1099/264/2 1193/263/2 1098/262/2
f 1099/264/2 1192/265/2 1193/263/2
f 1100/266/2 1192/265/2 1099/264/2
f 1100/266/2 1191/267/2 1192/265/2
f 1101/268/2 1191/267/2 1100/266/2
f 1101/268/2 1190/269/2 1191/267/2
f 1102/270/2 1190/269/2 1101/268/2
f 1102/270/2 1189/271/2 1190/269/2
f 1103/272/2 1189/271/2 1102/270/2
f 1104/273/2 1189/271/2 1103/272/2
f 1104/273/2 1188/274/2 1189/271/2
f 1105/275/2 1188/274/2 1104/273/2
f 1105/275/2 1187/276/2 1188/274/2
f 1106/277/2 1187/276/2 1105/275/2
f 1107/278/2 1187/276/2 1106/277/2
f 1108/279/2 1187/276/2 1107/278/2
f 1108/279/2 1186/280/2 1187/276/2
f 1109/281/2 1186/280/2 1108/279/2
f 1110/282/2 1186/280/2 1109/281/2
f 1110/282/2 1185/283/2 1186/280/2
f 1110/282/2 1184/284/2 1185/283/2
f 1110/282/2 1183/285/2 1184/284/2
f 1110/282/2 1182/286/2 1183/285/2
f 1110/282/2 1181/287/2 1182/286/2
f 1110/282/2 1180/288/2 1181/287/2
f 1110/282/2 1179/289/2 1180/288/2
f 1110/282/2 1178/290/2 1179/289/2
f 1110/282/2 1111/291/2 1178/290/2
f 1111/291/2 1177/292/2 1178/290/2
f 1112/293/2 1177/292/2 1111/291/2
f 1113/294/2 1177/292/2 1112/293/2
f 1114/295/2 1177/292/2 1113/294/2
f 1114/295/2 1176/296/2 1177/292/2
f 1115/297/2 1176/296/2 1114/295/2
f 1116/298/2 1176/296/2 1115/297/2
f 1116/298/2 1175/299/2 1176/296/2
f 1117/300/2 1175/299/2 1116/298/2
f 1117/300/2 1174/301/2 1175/299/2
f 1118/302/2 1174/301/2 1117/300/2
f 1119/303/2 1174/301/2 1118/302/2
f 1119/303/2 1173/304/2 1174/301/2
f 1120/305/2 1173/304/2 1119/303/2
f 1120/305/2 1172/306/2 1173/304/2
f 1121/307/2 1172/306/2 1120/305/2
f 1121/307/2 1171/308/2 1172/306/2
f 1122/309/2 1171/308/2 1121/307/2
f 1122/309/2 1170/310/2 1171/308/2
f 1123/311/2 1170/310/2 1122/309/2
f 1124/312/2 1170/310/2 1123/311/2
f 1124/312/2 1169/313/2 1170/310/2
f 1125/314/2 1169/313/2 1124/312/2
f 1126/315/2 1169/313/2 1125/314/2
f 1126/315/2 1168/316/2 1169/313/2
f 1147/317/2 1145/319/2 1146/318/2
f 1127/320/2 1168/316/2 1126/315/2
f 1147/317/2 1144/321/2 1145/319/2
f 1128/322/2 1168/316/2 1127/320/2
f 1147/317/2 1143/323/2 1144/321/2
f 1128/322/2 1167/324/2 1168/316/2
f 1129/325/2 1167/324/2 1128/322/2
f 1147/317/2 1142/326/2 1143/323/2
f 1147/317/2 1141/327/2 1142/326/2
f 1130/328/2 1167/324/2 1129/325/2
f 1147/317/2 1140/329/2 1141/327/2
f 1131/330/2 1167/324/2 1130/328/2
f 1147/317/2 1139/331/2 1140/329/2
f 1147/317/2 1138/332/2 1139/331/2
f 1132/333/2 1167/324/2 1131/330/2
f 1132/333/2 1166/334/2 1167/324/2
f 1147/317/2 1137/335/2 1138/332/2
f 1133/336/2 1166/334/2 1132/333/2
f 1147/317/2 1136/337/2 1137/335/2
f 1147/317/2 1135/338/2 1136/337/2
f 1134/339/2 1166/334/2 1133/336/2
f 1147/317/2 1134/339/2 1135/338/2
f 1147/317/2 1166/334/2 1134/339/2
f 1147/317/2 1165/340/2 1166/334/2
f 1147/317/2 1164/341/2 1165/340/2
f 1147/317/2 1163/342/2 1164/341/2
f 1148/343/2 1163/342/2 1147/317/2
f 1149/344/2 1163/342/2 1148/343/2
f 1150/345/2 1163/342/2 1149/344/2
f 1150/345/2 1162/346/2 1163/342/2
f 1151/347/2 1162/346/2 1150/345/2
f 1152/348/2 1162/346/2 1151/347/2
f 1152/348/2 1161/349/2 1162/346/2
f 1153/350/2 1161/349/2 1152/348/2
f 1154/351/2 1161/349/2 1153/350/2
f 1155/352/2 1161/349/2 1154/351/2
f 1155/352/2 1160/353/2 1161/349/2
f 1156/354/2 1160/353/2 1155/352/2
f 1157/355/2 1160/353/2 1156/354/2
f 1157/355/2 1159/356/2 1160/353/2
f 1158/357/4 1159/356/4 1157/355/4
f 1221/358/2 1292/360/2 1220/359/2
f 1222/361/2 1292/360/2 1221/358/2
f 1223/362/2 1292/360/2 1222/361/2
f 1223/362/2 1291/363/2 1292/360/2
f 1223/362/2 1290/364/2 1291/363/2
f 1224/365/2 1290/364/2 1223/362/2
f 1224/365/2 1289/366/2 1290/364/2
f 1224/365/2 1288/367/2 1289/366/2
f 1225/368/2 1288/367/2 1224/365/2
f 1225/368/2 1287/369/2 1288/367/2
f 1225/368/2 1286/370/2 1287/369/2
f 1226/371/2 1286/370/2 1225/368/2
f 1226/371/2 1285/372/2 1286/370/2
f 1226/371/2 1284/373/2 1285/372/2
f 1227/374/2 1284/373/2 1226/371/2
f 1227/374/2 1283/375/2 1284/373/2
f 1228/376/2 1283/375/2 1227/374/2
f 1228/376/2 1282/377/2 1283/375/2
f 1228/376/2 1281/378/2 1282/377/2
f 1229/379/2 1281/378/2 1228/376/2
f 1269/380/2 1267/382/2 1268/381/2
f 1270/383/2 1267/382/2 1269/380/2
f 1271/384/2 1267/382/2 1270/383/2
f 1271/384/2 1266/385/2 1267/382/2
f 1272/386/2 1266/385/2 1271/384/2
f 1273/387/2 1266/385/2 1272/386/2
f 1229/379/2 1280/388/2 1281/378/2
f 1274/389/2 1266/385/2 1273/387/2
f 1274/389/2 1265/390/2 1266/385/2
f 1275/391/2 1265/390/2 1274/389/2
f 1276/392/2 1265/390/2 1275/391/2
f 1277/393/2 1265/390/2 1276/392/2
f 1277/393/2 1264/394/2 1265/390/2
f 1278/395/2 1264/394/2 1277/393/2
f 1279/396/2 1264/394/2 1278/395/2
f 1280/388/2 1264/394/2 1279/396/2
f 1280/388/2 1263/397/2 1264/394/2
f 1229/379/2 1263/397/2 1280/388/2
f 1230/398/2 1263/397/2 1229/379/2
f 1230/398/2 1262/399/2 1263/397/2
f 1230/398/2 1261/400/2 1262/399/2
f 1231/401/2 1302/402/2 1230/398/2
f 1302/402/2 1303/403/2 1230/398/2
f 1303/403/2 1261/400/2 1230/398/2
f 1303/403/2 1304/404/2 1261/400/2
f 1304/404/2 1305/405/2 1261/400/2
f 1305/405/2 1260/406/2 1261/400/2
f 1306/407/6 1260/406/6 1305/405/6
f 1307/408/2 1260/406/2 1306/407/2
f 1231/401/2 1301/409/2 1302/402/2
f 1231/401/2 1300/410/2 1301/409/2
f 1308/411/2 1260/406/2 1307/408/2
f 1308/411/2 1259/412/2 1260/406/2
f 1231/401/2 1299/413/2 1300/410/2
f 1231/401/2 1298/414/2 1299/413/2
f 1309/415/2 1259/412/2 1308/411/2
f 1231/401/2 1297/416/2 1298/414/2
f 1310/417/2 1259/412/2 1309/415/2
f 1231/401/2 1296/418/2 1297/416/2
f 1231/401/2 1295/419/2 1296/418/2
f 1311/420/2 1259/412/2 1310/417/2
f 1231/401/2 1294/421/2 1295/419/2
f 1232/422/2 1294/421/2 1231/401/2
f 1311/420/2 1258/423/2 1259/412/2
f 1232/422/2 1293/424/2 1294/421/2
f 1312/425/2 1258/423/2 1311/420/2
f 1232/422/2 1340/426/2 1293/424/2
f 1313/427/2 1258/423/2 1312/425/2
f 1314/428/2 1258/423/2 1313/427/2
f 1314/428/2 1257/429/2 1258/423/2
f 1232/422/2 1339/430/2 1340/426/2
f 1315/431/2 1257/429/2 1314/428/2
f 1233/432/2 1339/430/2 1232/422/2
f 1316/433/2 1257/429/2 1315/431/2
f 1316/433/2 1256/434/2 1257/429/2
f 1233/432/2 1338/435/2 1339/430/2
f 1317/436/2 1256/434/2 1316/433/2
f 1234/437/2 1338/435/2 1233/432/2
f 1318/438/2 1256/434/2 1317/436/2
f 1318/438/2 1255/439/2 1256/434/2
f 1234/437/2 1337/440/2 1338/435/2
f 1319/441/2 1255/439/2 1318/438/2
f 1234/437/2 1336/442/2 1337/440/2
f 1319/441/2 1254/443/2 1255/439/2
f 1235/444/2 1336/442/2 1234/437/2
f 1320/445/2 1254/443/2 1319/441/2
f 1321/446/2 1254/443/2 1320/445/2
f 1235/444/2 1335/447/2 1336/442/2
f 1321/446/2 1253/448/2 1254/443/2
f 1322/449/2 1253/448/2 1321/446/2
f 1236/450/2 1335/447/2 1235/444/2
f 1236/450/2 1334/451/2 1335/447/2
f 1323/452/2 1253/448/2 1322/449/2
f 1236/450/2 1333/453/2 1334/451/2
f 1323/452/2 1252/454/2 1253/448/2
f 1324/455/2 1252/454/2 1323/452/2
f 1237/456/2 1333/453/2 1236/450/2
f 1237/456/2 1332/457/2 1333/453/2
f 1325/458/2 1252/454/2 1324/455/2
f 1326/459/2 1252/454/2 1325/458/2
f 1237/456/2 1331/460/2 1332/457/2
f 1326/459/2 1251/461/2 1252/454/2
f 1327/462/2 1251/461/2 1326/459/2
f 1237/456/2 1330/463/2 1331/460/2
f 1328/464/2 1251/461/2 1327/462/2
f 1237/456/2 1329/465/2 1330/463/2
f 1329/465/2 1251/461/2 1328/464/2
f 1237/456/2 1251/461/2 1329/465/2
f 1238/466/2 1251/461/2 1237/456/2
f 1238/466/2 1250/467/2 1251/461/2
f 1239/468/2 1250/467/2 1238/466/2
f 1239/468/2 1249/469/2 1250/467/2
f 1240/470/2 1249/469/2 1239/468/2
f 1240/470/2 1248/471/2 1249/469/2
f 1241/472/2 1248/471/2 1240/470/2
f 1241/472/2 1247/473/2 1248/471/2
f 1242/474/2 1247/473/2 1241/472/2
f 1242/474/2 1246/475/2 1247/473/2
f 1243/476/2 1246/475/2 1242/474/2
f 1243/476/2 1245/477/2 1246/475/2
f 1244/478/2 1245/477/2 1243/476/2
f 708/479/2 706/481/2 707/480/2
f 709/482/2 706/481/2 708/479/2
f 709/482/2 705/483/2 706/481/2
f 710/484/2 705/483/2 709/482/2
f 710/484/2 704/485/2 705/483/2
f 711/486/2 704/485/2 710/484/2
f 711/486/2 703/487/2 704/485/2
f 712/488/2 703/487/2 711/486/2
f 712/488/2 702/489/2 703/487/2
f 713/490/2 702/489/2 712/488/2
f 713/490/2 701/491/2 702/489/2
f 714/492/2 701/491/2 713/490/2
f 714/492/2 700/493/2 701/491/2
f 715/494/2 700/493/2 714/492/2
f 715/494/2 803/495/2 700/493/2
f 803/495/2 699/496/2 700/493/2
f 715/494/2 802/497/2 803/495/2
f 804/498/2 699/496/2 803/495/2
f 715/494/2 801/499/2 802/497/2
f 805/500/2 699/496/2 804/498/2
f 716/501/2 801/499/2 715/494/2
f 716/501/2 800/502/2 801/499/2
f 805/500/2 698/503/2 699/496/2
f 806/504/2 698/503/2 805/500/2
f 716/501/2 799/505/2 800/502/2
f 807/506/2 698/503/2 806/504/2
f 716/501/2 798/507/2 799/505/2
f 808/508/2 698/503/2 807/506/2
f 716/501/2 797/509/2 798/507/2
f 809/510/2 698/503/2 808/508/2
f 717/511/2 797/509/2 716/501/2
f 809/510/2 697/512/2 698/503/2
f 717/511/2 796/513/2 797/509/2
f 810/514/2 697/512/2 809/510/2
f 717/511/2 795/515/2 796/513/2
f 811/516/2 697/512/2 810/514/2
f 717/511/2 794/517/2 795/515/2
f 718/518/2 794/517/2 717/511/2
f 812/519/2 697/512/2 811/516/2
f 812/519/2 696/520/2 697/512/2
f 718/518/2 793/521/2 794/517/2
f 813/522/2 696/520/2 812/519/2
f 718/518/2 792/523/2 793/521/2
f 814/524/2 696/520/2 813/522/2
f 719/525/2 792/523/2 718/518/2
f 814/524/2 695/526/2 696/520/2
f 719/525/2 791/527/2 792/523/2
f 767/528/2 695/526/2 814/524/2
f 719/525/2 790/529/2 791/527/2
f 720/530/2 790/529/2 719/525/2
f 768/531/2 695/526/2 767/528/2
f 768/531/2 694/532/2 695/526/2
f 720/530/2 789/533/2 790/529/2
f 769/534/2 694/532/2 768/531/2
f 721/535/2 789/533/2 720/530/2
f 769/534/2 693/536/2 694/532/2
f 721/535/2 788/537/2 789/533/2
f 770/538/2 693/536/2 769/534/2
f 770/538/2 692/539/2 693/536/2
f 722/540/2 788/537/2 721/535/2
f 722/540/2 787/541/2 788/537/2
f 771/542/2 692/539/2 770/538/2
f 771/542/2 691/543/2 692/539/2
f 723/544/2 787/541/2 722/540/2
f 723/544/2 786/545/2 787/541/2
f 772/546/2 691/543/2 771/542/2
f 772/546/2 690/547/2 691/543/2
f 724/548/2 786/545/2 723/544/2
f 724/548/2 785/549/2 786/545/2
f 773/550/2 690/547/2 772/546/2
f 773/550/2 689/551/2 690/547/2
f 725/552/2 785/549/2 724/548/2
f 725/552/2 784/553/2 785/549/2
f 774/554/2 689/551/2 773/550/2
f 774/554/2 688/555/2 689/551/2
f 725/552/2 783/556/2 784/553/2
f 775/557/2 688/555/2 774/554/2
f 726/558/2 783/556/2 725/552/2
f 726/558/2 782/559/2 783/556/2
f 776/560/2 688/555/2 775/557/2
f 776/560/2 687/561/2 688/555/2
f 727/562/2 782/559/2 726/558/2
f 727/562/2 781/563/2 782/559/2
f 777/564/2 687/561/2 776/560/2
f 727/562/2 780/565/2 781/563/2
f 778/566/2 687/561/2 777/564/2
f 727/562/2 779/567/2 780/565/2
f 779/567/2 687/561/2 778/566/2
f 727/562/2 687/561/2 779/567/2
f 727/562/2 686/568/2 687/561/2
f 728/569/2 686/568/2 727/562/2
f 728/569/2 685/570/2 686/568/2
f 729/571/2 685/570/2 728/569/2
f 729/571/2 684/572/2 685/570/2
f 730/573/2 684/572/2 729/571/2
f 730/573/2 683/574/2 684/572/2
f 731/575/2 683/574/2 730/573/2
f 732/576/2 683/574/2 731/575/2
f 732/576/2 682/577/2 683/574/2
f 732/576/2 681/578/2 682/577/2
f 733/579/2 681/578/2 732/576/2
f 733/579/2 680/580/2 681/578/2
f 734/581/2 680/580/2 733/579/2
f 734/581/2 679/582/2 680/580/2
f 735/583/2 679/582/2 734/581/2
f 735/583/2 851/584/2 679/582/2
f 851/584/2 678/585/2 679/582/2
f 736/586/2 851/584/2 735/583/2
f 736/586/2 850/587/2 851/584/2
f 852/588/2 678/585/2 851/584/2
f 736/586/2 849/589/2 850/587/2
f 853/590/2 678/585/2 852/588/2
f 736/586/2 848/591/2 849/589/2
f 854/592/2 678/585/2 853/590/2
f 854/592/2 677/593/2 678/585/2
f 737/594/2 848/591/2 736/586/2
f 737/594/2 847/595/2 848/591/2
f 855/596/2 677/593/2 854/592/2
f 737/594/2 846/597/2 847/595/2
f 856/598/2 677/593/2 855/596/2
f 856/598/2 676/599/2 677/593/2
f 738/600/2 846/597/2 737/594/2
f 738/600/2 845/601/2 846/597/2
f 857/602/2 676/599/2 856/598/2
f 738/600/2 844/603/2 845/601/2
f 858/604/2 676/599/2 857/602/2
f 739/605/2 844/603/2 738/600/2
f 858/604/2 675/606/2 676/599/2
f 739/605/2 843/607/2 844/603/2
f 859/608/2 675/606/2 858/604/2
f 740/609/2 843/607/2 739/605/2
f 859/608/2 674/610/2 675/606/2
f 740/609/2 842/611/2 843/607/2
f 860/612/2 674/610/2 859/608/2
f 740/609/2 841/613/2 842/611/2
f 741/614/2 841/613/2 740/609/2
f 861/615/2 674/610/2 860/612/2
f 861/615/2 673/616/2 674/610/2
f 741/614/2 840/617/2 841/613/2
f 862/618/2 673/616/2 861/615/2
f 742/619/2 840/617/2 741/614/2
f 862/618/2 672/620/2 673/616/2
f 742/619/2 839/621/2 840/617/2
f 815/622/2 672/620/2 862/618/2
f 743/623/2 839/621/2 742/619/2
f 815/622/2 671/624/2 672/620/2
f 743/623/2 838/625/2 839/621/2
f 816/626/2 671/624/2 815/622/2
f 744/627/2 838/625/2 743/623/2
f 816/626/2 766/628/2 671/624/2
f 817/629/2 766/628/2 816/626/2
f 744/627/2 837/630/2 838/625/2
f 818/631/2 766/628/2 817/629/2
f 744/627/2 836/632/2 837/630/2
f 745/633/2 836/632/2 744/627/2
f 818/631/2 765/634/2 766/628/2
f 819/635/2 765/634/2 818/631/2
f 745/633/2 835/636/2 836/632/2
f 820/637/2 765/634/2 819/635/2
f 745/633/2 834/638/2 835/636/2
f 746/639/2 834/638/2 745/633/2
f 820/637/2 764/640/2 765/634/2
f 821/641/2 764/640/2 820/637/2
f 746/639/2 833/642/2 834/638/2
f 822/643/2 764/640/2 821/641/2
f 746/639/2 832/644/2 833/642/2
f 747/645/2 832/644/2 746/639/2
f 822/643/2 763/646/2 764/640/2
f 823/647/2 763/646/2 822/643/2
f 747/645/2 831/648/2 832/644/2
f 824/649/2 763/646/2 823/647/2
f 747/645/2 830/650/2 831/648/2
f 825/651/2 763/646/2 824/649/2
f 747/645/2 829/652/2 830/650/2
f 826/653/2 763/646/2 825/651/2
f 747/645/2 828/654/2 829/652/2
f 748/655/2 828/654/2 747/645/2
f 826/653/2 762/656/2 763/646/2
f 827/657/2 762/656/2 826/653/2
f 748/655/2 827/657/2 828/654/2
f 748/655/2 762/656/2 827/657/2
f 749/658/2 762/656/2 748/655/2
f 749/658/2 761/659/2 762/656/2
f 750/660/2 761/659/2 749/658/2
f 750/660/2 760/661/2 761/659/2
f 751/662/2 760/661/2 750/660/2
f 751/662/2 759/663/2 760/661/2
f 752/664/2 759/663/2 751/662/2
f 752/664/2 758/665/2 759/663/2
f 753/666/2 758/665/2 752/664/2
f 753/666/2 757/667/2 758/665/2
f 754/668/2 757/667/2 753/666/2
f 754/668/2 756/669/2 757/667/2
f 755/670/2 756/669/2 754/668/2
f 114/553/7 115/549/7 785/549/7 784/553/7
f 395/138/8 396/140/8 1066/140/8 1065/138/8
f 103/550/9 104/554/9 774/554/9 773/550/9
f 260/35/10 261/31/10 931/31/10 930/35/10
f 492/346/11 493/342/11 1163/342/11 1162/346/11
f 529/243/12 530/239/12 1200/239/12 1199/243/12
f 268/34/13 269/36/13 939/36/13 938/34/13
f 664/451/14 665/447/14 1335/447/14 1334/451/14
f 480/345/15 481/347/15 1151/347/15 1150/345/15
f 414/242/16 415/244/16 1085/244/16 1084/242/16
f 92/656/17 93/646/17 763/646/17 762/656/17
f 326/133/18 327/141/18 997/141/18 996/133/18
f 652/449/19 653/452/19 1323/452/19 1322/449/19
f 156/653/20 157/657/20 827/657/20 826/653/20
f 18/555/21 19/551/21 689/551/21 688/555/21
f 481/347/22 482/348/22 1152/348/22 1151/347/22
f 415/244/23 416/245/23 1086/245/23 1085/244/23
f 259/37/24 260/35/24 930/35/24 929/37/24
f 311/142/25 312/134/25 982/134/25 981/142/25
f 113/556/26 114/553/26 784/553/26 783/556/26
f 663/453/27 664/451/27 1334/451/27 1333/453/27
f 157/657/28 158/654/28 828/654/28 827/657/28
f 104/554/29 105/557/29 775/557/29 774/554/29
f 232/38/30 233/32/30 903/32/30 902/38/30
f 491/349/31 492/346/31 1162/346/31 1161/349/31
f 528/246/32 529/243/32 1199/243/32 1198/246/32
f 385/143/33 386/139/33 1056/139/33 1055/143/33
f 247/33/34 248/39/34 918/39/34 917/33/34
f 582/454/35 583/448/35 1253/448/35 1252/454/35
f 482/348/36 483/350/36 1153/350/36 1152/348/36
f 416/245/37 417/247/37 1087/247/37 1086/245/37
f 78/655/38 79/658/38 749/658/38 748/655/38
f 396/140/39 397/144/39 1067/144/39 1066/140/39
f 55/552/40 56/558/40 726/558/40 725/552/40
f 653/452/41 654/455/41 1324/455/41 1323/452/41
f 269/36/42 270/40/42 940/40/42 939/36/42
f 483/350/43 484/351/43 1154/351/43 1153/350/43
f 417/247/44 418/248/44 1088/248/44 1087/247/44
f 566/450/45 567/456/45 1237/456/45 1236/450/45
f 91/659/46 92/656/46 762/656/46 761/659/46
f 384/145/47 385/143/47 1055/143/47 1054/145/47
f 112/559/48 113/556/48 783/556/48 782/559/48
f 484/351/49 485/352/49 1155/352/49 1154/351/49
f 418/248/50 419/249/50 1089/249/50 1088/248/50
f 79/658/51 80/660/51 750/660/51 749/658/51
f 397/144/52 398/146/52 1068/146/52 1067/144/52
f 105/557/53 106/560/53 776/560/53 775/557/53
f 258/41/54 259/37/54 929/37/54 928/41/54
f 270/40/55 271/42/55 941/42/55 940/40/55
f 662/457/56 663/453/56 1333/453/56 1332/457/56
f 327/141/57 328/147/57 998/147/57 997/141/57
f 654/455/58 655/458/58 1325/458/58 1324/455/58
f 490/353/59 491/349/59 1161/349/59 1160/353/59
f 527/250/60 528/246/60 1198/246/60 1197/250/60
f 90/661/61 91/659/61 761/659/61 760/661/61
f 17/561/62 18/555/62 688/555/62 687/561/62
f 485/352/63 486/354/63 1156/354/63 1155/352/63
f 419/249/64 420/251/64 1090/251/64 1089/249/64
f 80/660/65 81/662/65 751/662/65 750/660/65
f 56/558/66 57/562/66 727/562/66 726/558/66
f 257/43/67 258/41/67 928/41/67 927/43/67
f 655/458/68 656/459/68 1326/459/68 1325/458/68
f 310/148/69 311/142/69 981/142/69 980/148/69
f 486/354/70 487/355/70 1157/355/70 1156/354/70
f 420/251/71 421/252/71 1091/252/71 1090/251/71
f 231/44/72 232/38/72 902/38/72 901/44/72
f 89/663/73 90/661/73 760/661/73 759/663/73
f 383/149/74 384/145/74 1054/145/74 1053/149/74
f 111/563/75 112/559/75 782/559/75 781/563/75
f 248/39/76 249/45/76 919/45/76 918/39/76
f 661/460/77 662/457/77 1332/457/77 1331/460/77
f 421/252/78 422/253/78 1092/253/78 1091/252/78
f 81/662/79 82/664/79 752/664/79 751/662/79
f 398/146/80 399/150/80 1069/150/80 1068/146/80
f 106/560/81 107/564/81 777/564/81 776/560/81
f 489/356/82 490/353/82 1160/353/82 1159/356/82
f 271/42/83 272/46/83 942/46/83 941/42/83
f 581/461/84 582/454/84 1252/454/84 1251/461/84
f 487/355/85 488/357/85 1158/357/85 1157/355/85
f 328/147/86 329/151/86 999/151/86 998/147/86
f 656/459/87 657/462/87 1327/462/87 1326/459/87
f 488/357/88 489/356/88 1159/356/88 1158/357/88
f 526/254/89 527/250/89 1197/250/89 1196/254/89
f 88/665/90 89/663/90 759/663/90 758/665/90
f 110/565/91 111/563/91 781/563/91 780/565/91
f 550/359/92 551/358/92 1221/358/92 1220/359/92
f 422/253/93 423/255/93 1093/255/93 1092/253/93
f 82/664/94 83/666/94 753/666/94 752/664/94
f 107/564/95 108/566/95 778/566/95 777/564/95
f 256/47/96 257/43/96 927/43/96 926/47/96
f 309/152/97 310/148/97 980/148/97 979/152/97
f 660/463/98 661/460/98 1331/460/98 1330/463/98
f 622/360/99 550/359/99 1220/359/99 1292/360/99
f 423/255/100 424/256/100 1094/256/100 1093/255/100
f 230/48/101 231/44/101 901/44/101 900/48/101
f 657/462/102 658/464/102 1328/464/102 1327/462/102
f 551/358/103 552/361/103 1222/361/103 1221/358/103
f 87/667/104 88/665/104 758/665/104 757/667/104
f 382/153/105 383/149/105 1053/149/105 1052/153/105
f 109/567/106 110/565/106 780/565/106 779/567/106
f 249/45/107 250/49/107 920/49/107 919/45/107
f 83/666/108 84/668/108 754/668/108 753/666/108
f 399/150/109 400/154/109 1070/154/109 1069/150/109
f 108/566/110 109/567/110 779/567/110 778/566/110
f 552/361/111 553/362/111 1223/362/111 1222/361/111
f 525/257/112 526/254/112 1196/254/112 1195/257/112
f 272/46/113 273/50/113 943/50/113 942/46/113
f 659/465/114 660/463/114 1330/463/114 1329/465/114
f 424/256/115 425/258/115 1095/258/115 1094/256/115
f 658/464/116 659/465/116 1329/465/116 1328/464/116
f 86/669/117 87/667/117 757/667/117 756/669/117
f 381/155/118 382/153/118 1052/153/118 1051/155/118
f 621/363/119 622/360/119 1292/360/119 1291/363/119
f 425/258/120 426/259/120 1096/259/120 1095/258/120
f 84/668/121 85/670/121 755/670/121 754/668/121
f 400/154/122 401/156/122 1071/156/122 1070/154/122
f 16/568/123 17/561/123 687/561/123 686/568/123
f 255/51/124 256/47/124 926/47/124 925/51/124
f 85/670/125 86/669/125 756/669/125 755/670/125
f 57/562/126 58/569/126 728/569/126 727/562/126
f 273/50/127 274/52/127 944/52/127 943/50/127
f 567/456/128 568/466/128 1238/466/128 1237/456/128
f 620/364/129 621/363/129 1291/363/129 1290/364/129
f 329/151/130 330/157/130 1000/157/130 999/151/130
f 553/362/131 554/365/131 1224/365/131 1223/362/131
f 524/260/132 525/257/132 1195/257/132 1194/260/132
f 426/259/133 427/261/133 1097/261/133 1096/259/133
f 15/570/134 16/568/134 686/568/134 685/570/134
f 254/53/135 255/51/135 925/51/135 924/53/135
f 580/467/136 581/461/136 1251/461/136 1250/467/136
f 308/158/137 309/152/137 979/152/137 978/158/137
f 58/569/138 59/571/138 729/571/138 728/569/138
f 568/466/139 569/468/139 1239/468/139 1238/466/139
f 619/366/140 620/364/140 1290/364/140 1289/366/140
f 427/261/141 428/262/141 1098/262/141 1097/261/141
f 229/54/142 230/48/142 900/48/142 899/54/142
f 380/159/143 381/155/143 1051/155/143 1050/159/143
f 250/49/144 251/55/144 921/55/144 920/49/144
f 618/367/145 619/366/145 1289/366/145 1288/367/145
f 401/156/146 402/160/146 1072/160/146 1071/156/146
f 14/572/147 15/570/147 685/570/147 684/572/147
f 579/469/148 580/467/148 1250/467/148 1249/469/148
f 554/365/149 555/368/149 1225/368/149 1224/365/149
f 523/263/150 524/260/150 1194/260/150 1193/263/150
f 59/571/151 60/573/151 730/573/151 729/571/151
f 274/52/152 275/56/152 945/56/152 944/52/152
f 569/468/153 570/470/153 1240/470/153 1239/468/153
f 428/262/154 429/264/154 1099/264/154 1098/262/154
f 330/157/155 331/161/155 1001/161/155 1000/157/155
f 617/369/156 618/367/156 1288/367/156 1287/369/156
f 13/574/157 14/572/157 684/572/157 683/574/157
f 253/57/158 254/53/158 924/53/158 923/57/158
f 578/471/159 579/469/159 1249/469/159 1248/471/159
f 522/265/160 523/263/160 1193/263/160 1192/265/160
f 307/162/161 308/158/161 978/158/161 977/162/161
f 60/573/162 61/575/162 731/575/162 730/573/162
f 570/470/163 571/472/163 1241/472/163 1240/470/163
f 616/370/164 617/369/164 1287/369/164 1286/370/164
f 429/264/165 430/266/165 1100/266/165 1099/264/165
f 228/58/166 229/54/166 899/54/166 898/58/166
f 555/368/167 556/371/167 1226/371/167 1225/368/167
f 379/163/168 380/159/168 1050/159/168 1049/163/168
f 61/575/169 62/576/169 732/576/169 731/575/169
f 251/55/170 204/59/170 874/59/170 921/55/170
f 402/160/171 355/164/171 1025/164/171 1072/160/171
f 577/473/172 578/471/172 1248/471/172 1247/473/172
f 521/267/173 522/265/173 1192/265/173 1191/267/173
f 275/56/174 276/60/174 946/60/174 945/56/174
f 571/472/175 572/474/175 1242/474/175 1241/472/175
f 615/372/176 616/370/176 1286/370/176 1285/372/176
f 430/266/177 431/268/177 1101/268/177 1100/266/177
f 331/161/178 332/165/178 1002/165/178 1001/161/178
f 12/577/179 13/574/179 683/574/179 682/577/179
f 614/373/180 615/372/180 1285/372/180 1284/373/180
f 11/578/181 12/577/181 682/577/181 681/578/181
f 252/61/182 253/57/182 923/57/182 922/61/182
f 576/475/183 577/473/183 1247/473/183 1246/475/183
f 556/371/184 557/374/184 1227/374/184 1226/371/184
f 520/269/185 521/267/185 1191/267/185 1190/269/185
f 378/166/186 379/163/186 1049/163/186 1048/166/186
f 62/576/187 63/579/187 733/579/187 732/576/187
f 204/59/188 205/62/188 875/62/188 874/59/188
f 572/474/189 573/476/189 1243/476/189 1242/474/189
f 431/268/190 432/270/190 1102/270/190 1101/268/190
f 355/164/191 356/167/191 1026/167/191 1025/164/191
f 613/375/192 614/373/192 1284/373/192 1283/375/192
f 10/580/193 11/578/193 681/578/193 680/580/193
f 299/63/194 252/61/194 922/61/194 969/63/194
f 575/477/195 576/475/195 1246/475/195 1245/477/195
f 557/374/196 558/376/196 1228/376/196 1227/374/196
f 519/271/197 520/269/197 1190/269/197 1189/271/197
f 354/168/198 307/162/198 977/162/198 1024/168/198
f 63/579/199 64/581/199 734/581/199 733/579/199
f 276/60/200 277/64/200 947/64/200 946/60/200
f 573/476/201 574/478/201 1244/478/201 1243/476/201
f 432/270/202 433/272/202 1103/272/202 1102/270/202
f 574/478/203 575/477/203 1245/477/203 1244/478/203
f 377/169/204 378/166/204 1048/166/204 1047/169/204
f 37/480/205 38/479/205 708/479/205 707/480/205
f 612/377/206 613/375/206 1283/375/206 1282/377/206
f 433/272/207 434/273/207 1104/273/207 1103/272/207
f 356/167/208 357/170/208 1027/170/208 1026/167/208
f 9/582/209 10/580/209 680/580/209 679/582/209
f 227/65/210 228/58/210 898/58/210 897/65/210
f 64/581/211 65/583/211 735/583/211 734/581/211
f 36/481/212 37/480/212 707/480/212 706/481/212
f 611/378/213 612/377/213 1282/377/213 1281/378/213
f 332/165/214 333/171/214 1003/171/214 1002/165/214
f 298/66/215 299/63/215 969/63/215 968/66/215
f 38/479/216 39/482/216 709/482/216 708/479/216
f 558/376/217 559/379/217 1229/379/217 1228/376/217
f 518/274/218 519/271/218 1189/271/218 1188/274/218
f 277/64/219 278/67/219 948/67/219 947/64/219
f 434/273/220 435/275/220 1105/275/220 1104/273/220
f 598/381/221 599/380/221 1269/380/221 1268/381/221
f 353/172/222 354/168/222 1024/168/222 1023/172/222
f 35/483/223 36/481/223 706/481/223 705/483/223
f 8/585/224 9/582/224 679/582/224 678/585/224
f 226/68/225 227/65/225 897/65/225 896/68/225
f 39/482/226 40/484/226 710/484/226 709/482/226
f 597/382/227 598/381/227 1268/381/227 1267/382/227
f 517/276/228 518/274/228 1188/274/228 1187/276/228
f 376/173/229 377/169/229 1047/169/229 1046/173/229
f 65/583/230 66/586/230 736/586/230 735/583/230
f 205/62/231 206/69/231 876/69/231 875/62/231
f 599/380/232 600/383/232 1270/383/232 1269/380/232
f 435/275/233 436/277/233 1106/277/233 1105/275/233
f 357/170/234 358/174/234 1028/174/234 1027/170/234
f 34/485/235 35/483/235 705/483/235 704/485/235
f 600/383/236 601/384/236 1271/384/236 1270/383/236
f 436/277/237 437/278/237 1107/278/237 1106/277/237
f 333/171/238 334/175/238 1004/175/238 1003/171/238
f 180/587/239 181/584/239 851/584/239 850/587/239
f 297/70/240 298/66/240 968/66/240 967/70/240
f 40/484/241 41/486/241 711/486/241 710/484/241
f 181/584/242 182/588/242 852/588/242 851/584/242
f 278/67/243 279/71/243 949/71/243 948/67/243
f 437/278/244 438/279/244 1108/279/244 1107/278/244
f 596/385/245 597/382/245 1267/382/245 1266/385/245
f 352/176/246 353/172/246 1023/172/246 1022/176/246
f 33/487/247 34/485/247 704/485/247 703/487/247
f 601/384/248 602/386/248 1272/386/248 1271/384/248
f 358/174/249 359/177/249 1029/177/249 1028/174/249
f 179/589/250 180/587/250 850/587/250 849/589/250
f 225/72/251 226/68/251 896/68/251 895/72/251
f 41/486/252 42/488/252 712/488/252 711/486/252
f 516/280/253 517/276/253 1187/276/253 1186/280/253
f 182/588/254 183/590/254 853/590/254 852/588/254
f 206/69/255 207/73/255 877/73/255 876/69/255
f 602/386/256 603/387/256 1273/387/256 1272/386/256
f 438/279/257 439/281/257 1109/281/257 1108/279/257
f 375/178/258 376/173/258 1046/173/258 1045/178/258
f 279/71/259 280/74/259 950/74/259 949/71/259
f 32/489/260 33/487/260 703/487/260 702/489/260
f 439/281/261 440/282/261 1110/282/261 1109/281/261
f 359/177/262 360/179/262 1030/179/262 1029/177/262
f 178/591/263 179/589/263 849/589/263 848/591/263
f 42/488/264 43/490/264 713/490/264 712/488/264
f 610/388/265 611/378/265 1281/378/265 1280/388/265
f 183/590/266 184/592/266 854/592/266 853/590/266
f 603/387/267 604/389/267 1274/389/267 1273/387/267
f 296/75/268 297/70/268 967/70/268 966/75/268
f 515/283/269 516/280/269 1186/280/269 1185/283/269
f 374/180/270 375/178/270 1045/178/270 1044/180/270
f 31/491/271 32/489/271 702/489/271 701/491/271
f 334/175/272 335/181/272 1005/181/272 1004/175/272
f 7/593/273 8/585/273 678/585/273 677/593/273
f 224/76/274 225/72/274 895/72/274 894/76/274
f 43/490/275 44/492/275 714/492/275 713/490/275
f 595/390/276 596/385/276 1266/385/276 1265/390/276
f 514/284/277 515/283/277 1185/283/277 1184/284/277
f 66/586/278 67/594/278 737/594/278 736/586/278
f 207/73/279 208/77/279 878/77/279 877/73/279
f 604/389/280 605/391/280 1275/391/280 1274/389/280
f 513/285/281 514/284/281 1184/284/281 1183/285/281
f 351/182/282 352/176/282 1022/176/282 1021/182/282
f 280/74/283 281/78/283 951/78/283 950/74/283
f 30/493/284 31/491/284 701/491/284 700/493/284
f 605/391/285 606/392/285 1276/392/285 1275/391/285
f 360/179/286 361/183/286 1031/183/286 1030/179/286
f 177/595/287 178/591/287 848/591/287 847/595/287
f 44/492/288 45/494/288 715/494/288 714/492/288
f 512/286/289 513/285/289 1183/285/289 1182/286/289
f 184/592/290 185/596/290 855/596/290 854/592/290
f 606/392/291 607/393/291 1277/393/291 1276/392/291
f 295/79/292 296/75/292 966/75/292 965/79/292
f 511/287/293 512/286/293 1182/286/293 1181/287/293
f 373/184/294 374/180/294 1044/180/294 1043/184/294
f 281/78/295 282/80/295 952/80/295 951/78/295
f 335/181/296 336/185/296 1006/185/296 1005/181/296
f 176/597/297 177/595/297 847/595/297 846/597/297
f 594/394/298 595/390/298 1265/390/298 1264/394/298
f 510/288/299 511/287/299 1181/287/299 1180/288/299
f 185/596/300 186/598/300 856/598/300 855/596/300
f 29/496/301 30/493/301 700/493/301 699/496/301
f 607/393/302 608/395/302 1278/395/302 1277/393/302
f 294/81/303 295/79/303 965/79/303 964/81/303
f 509/289/304 510/288/304 1180/288/304 1179/289/304
f 350/186/305 351/182/305 1021/182/305 1020/186/305
f 132/497/306 133/495/306 803/495/306 802/497/306
f 608/395/307 609/396/307 1279/396/307 1278/395/307
f 361/183/308 362/187/308 1032/187/308 1031/183/308
f 6/599/309 7/593/309 677/593/309 676/599/309
f 223/82/310 224/76/310 894/76/310 893/82/310
f 133/495/311 134/498/311 804/498/311 803/495/311
f 508/290/312 509/289/312 1179/289/312 1178/290/312
f 67/594/313 68/600/313 738/600/313 737/594/313
f 208/77/314 209/83/314 879/83/314 878/77/314
f 609/396/315 610/388/315 1280/388/315 1279/396/315
f 440/282/316 441/291/316 1111/291/316 1110/282/316
f 372/188/317 373/184/317 1043/184/317 1042/188/317
f 282/80/318 283/84/318 953/84/318 952/80/318
f 131/499/319 132/497/319 802/497/319 801/499/319
f 362/187/320 363/189/320 1033/189/320 1032/187/320
f 175/601/321 176/597/321 846/597/321 845/601/321
f 134/498/322 135/500/322 805/500/322 804/498/322
f 593/397/323 594/394/323 1264/394/323 1263/397/323
f 507/292/324 508/290/324 1178/290/324 1177/292/324
f 186/598/325 187/602/325 857/602/325 856/598/325
f 441/291/326 442/293/326 1112/293/326 1111/291/326
f 293/85/327 294/81/327 964/81/327 963/85/327
f 45/494/328 46/501/328 716/501/328 715/494/328
f 559/379/329 560/398/329 1230/398/329 1229/379/329
f 371/190/330 372/188/330 1042/188/330 1041/190/330
f 283/84/331 284/86/331 954/86/331 953/84/331
f 442/293/332 443/294/332 1113/294/332 1112/293/332
f 336/185/333 337/191/333 1007/191/333 1006/185/333
f 174/603/334 175/601/334 845/601/334 844/603/334
f 187/602/335 188/604/335 858/604/335 857/602/335
f 130/502/336 131/499/336 801/499/336 800/502/336
f 592/399/337 593/397/337 1263/397/337 1262/399/337
f 443/294/338 444/295/338 1114/295/338 1113/294/338
f 292/87/339 293/85/339 963/85/339 962/87/339
f 349/192/340 350/186/340 1020/186/340 1019/192/340
f 68/600/341 69/605/341 739/605/341 738/600/341
f 28/503/342 29/496/342 699/496/342 698/503/342
f 591/400/343 592/399/343 1262/399/343 1261/400/343
f 363/189/344 364/193/344 1034/193/344 1033/189/344
f 222/88/345 223/82/345 893/82/345 892/88/345
f 135/500/346 136/504/346 806/504/346 805/500/346
f 560/398/347 561/401/347 1231/401/347 1230/398/347
f 506/296/348 507/292/348 1177/292/348 1176/296/348
f 209/83/349 210/89/349 880/89/349 879/83/349
f 444/295/350 445/297/350 1115/297/350 1114/295/350
f 5/606/351 6/599/351 676/599/351 675/606/351
f 370/194/352 371/190/352 1041/190/352 1040/194/352
f 284/86/353 285/90/353 955/90/353 954/86/353
f 129/505/354 130/502/354 800/502/354 799/505/354
f 632/402/355 633/403/355 1303/403/355 1302/402/355
f 445/297/356 446/298/356 1116/298/356 1115/297/356
f 364/193/357 365/195/357 1035/195/357 1034/193/357
f 173/607/358 174/603/358 844/603/358 843/607/358
f 136/504/359 137/506/359 807/506/359 806/504/359
f 188/604/360 189/608/360 859/608/360 858/604/360
f 291/91/361 292/87/361 962/87/361 961/91/361
f 633/403/362 634/404/362 1304/404/362 1303/403/362
f 505/299/363 506/296/363 1176/296/363 1175/299/363
f 369/196/364 370/194/364 1040/194/364 1039/196/364
f 69/605/365 70/609/365 740/609/365 739/605/365
f 285/90/366 286/92/366 956/92/366 955/90/366
f 128/507/367 129/505/367 799/505/367 798/507/367
f 446/298/368 447/300/368 1117/300/368 1116/298/368
f 365/195/369 366/197/369 1036/197/369 1035/195/369
f 137/506/370 138/508/370 808/508/370 807/506/370
f 634/404/371 635/405/371 1305/405/371 1304/404/371
f 4/610/372 5/606/372 675/606/372 674/610/372
f 290/93/373 291/91/373 961/91/373 960/93/373
f 504/301/374 505/299/374 1175/299/374 1174/301/374
f 368/198/375 369/196/375 1039/196/375 1038/198/375
f 127/509/376 128/507/376 798/507/376 797/509/376
f 590/406/377 591/400/377 1261/400/377 1260/406/377
f 447/300/378 448/302/378 1118/302/378 1117/300/378
f 337/191/379 338/199/379 1008/199/379 1007/191/379
f 172/611/380 173/607/380 843/607/380 842/611/380
f 221/94/381 222/88/381 892/88/381 891/94/381
f 138/508/382 139/510/382 809/510/382 808/508/382
f 635/405/383 636/407/383 1306/407/383 1305/405/383
f 189/608/384 190/612/384 860/612/384 859/608/384
f 210/89/385 211/95/385 881/95/385 880/89/385
f 448/302/386 449/303/386 1119/303/386 1118/302/386
f 46/501/387 47/511/387 717/511/387 716/501/387
f 636/407/388 637/408/388 1307/408/388 1306/407/388
f 348/200/389 349/192/389 1019/192/389 1018/200/389
f 286/92/390 287/96/390 957/96/390 956/92/390
f 366/197/391 367/201/391 1037/201/391 1036/197/391
f 171/613/392 172/611/392 842/611/392 841/613/392
f 503/304/393 504/301/393 1174/301/393 1173/304/393
f 70/609/394 71/614/394 741/614/394 740/609/394
f 27/512/395 28/503/395 698/503/395 697/512/395
f 631/409/396 632/402/396 1302/402/396 1301/409/396
f 449/303/397 450/305/397 1120/305/397 1119/303/397
f 289/97/398 290/93/398 960/93/398 959/97/398
f 367/201/399 368/198/399 1038/198/399 1037/201/399
f 190/612/400 191/615/400 861/615/400 860/612/400
f 287/96/401 288/98/401 958/98/401 957/96/401
f 126/513/402 127/509/402 797/509/402 796/513/402
f 630/410/403 631/409/403 1301/409/403 1300/410/403
f 139/510/404 140/514/404 810/514/404 809/510/404
f 637/408/405 638/411/405 1308/411/405 1307/408/405
f 502/306/406 503/304/406 1173/304/406 1172/306/406
f 338/199/407 339/202/407 1009/202/407 1008/199/407
f 450/305/408 451/307/408 1121/307/408 1120/305/408
f 3/616/409 4/610/409 674/610/409 673/616/409
f 288/98/410 289/97/410 959/97/410 958/98/410
f 125/515/411 126/513/411 796/513/411 795/515/411
f 589/412/412 590/406/412 1260/406/412 1259/412/412
f 347/203/413 348/200/413 1018/200/413 1017/203/413
f 170/617/414 171/613/414 841/613/414 840/617/414
f 140/514/415 141/516/415 811/516/415 810/514/415
f 501/308/416 502/306/416 1172/306/416 1171/308/416
f 339/202/417 340/204/417 1010/204/417 1009/202/417
f 191/615/418 192/618/418 862/618/418 861/615/418
f 220/99/419 221/94/419 891/94/419 890/99/419
f 629/413/420 630/410/420 1300/410/420 1299/413/420
f 451/307/133 452/309/133 1122/309/133 1121/307/133
f 211/95/421 212/100/421 882/100/421 881/95/421
f 71/614/422 72/619/422 742/619/422 741/614/422
f 124/517/423 125/515/423 795/515/423 794/517/423
f 628/414/424 629/413/424 1299/413/424 1298/414/424
f 346/205/425 347/203/425 1017/203/425 1016/205/425
f 47/511/426 48/518/426 718/518/426 717/511/426
f 638/411/427 639/415/427 1309/415/427 1308/411/427
f 500/310/428 501/308/428 1171/308/428 1170/310/428
f 340/204/429 341/206/429 1011/206/429 1010/204/429
f 219/101/430 220/99/430 890/99/430 889/101/430
f 452/309/431 453/311/431 1123/311/431 1122/309/431
f 2/620/432 3/616/432 673/616/432 672/620/432
f 212/100/433 213/102/433 883/102/433 882/100/433
f 141/516/434 142/519/434 812/519/434 811/516/434
f 627/416/435 628/414/435 1298/414/435 1297/416/435
f 453/311/436 454/312/436 1124/312/436 1123/311/436
f 345/207/437 346/205/437 1016/205/437 1015/207/437
f 169/621/438 170/617/438 840/617/438 839/621/438
f 639/415/439 640/417/439 1310/417/439 1309/415/439
f 341/206/440 342/208/440 1012/208/440 1011/206/440
f 192/618/441 145/622/441 815/622/441 862/618/441
f 218/103/442 219/101/442 889/101/442 888/103/442
f 26/520/443 27/512/443 697/512/443 696/520/443
f 213/102/444 214/104/444 884/104/444 883/102/444
f 499/313/445 500/310/445 1170/310/445 1169/313/445
f 72/619/446 73/623/446 743/623/446 742/619/446
f 123/521/447 124/517/447 794/517/447 793/521/447
f 626/418/448 627/416/448 1297/416/448 1296/418/448
f 454/312/449 455/314/449 1125/314/449 1124/312/449
f 344/209/450 345/207/450 1015/207/450 1014/209/450
f 142/519/451 143/522/451 813/522/451 812/519/451
f 342/208/452 343/210/452 1013/210/452 1012/208/452
f 217/105/453 218/103/453 888/103/453 887/105/453
f 198/2/261 199/1/261 869/1/261 868/2/261
f 625/419/454 626/418/454 1296/418/454 1295/419/454
f 455/314/455 456/315/455 1126/315/455 1125/314/455
f 343/210/456 344/209/456 1014/209/456 1013/210/456
f 1/624/457 2/620/457 672/620/457 671/624/457
f 214/104/458 215/106/458 885/106/458 884/104/458
f 640/417/459 641/420/459 1311/420/459 1310/417/459
f 537/212/460 538/211/460 1208/211/460 1207/212/460
f 122/523/461 123/521/461 793/521/461 792/523/461
f 197/3/462 198/2/462 868/2/462 867/3/462
f 168/625/463 169/621/463 839/621/463 838/625/463
f 215/106/464 216/107/464 886/107/464 885/106/464
f 143/522/465 144/524/465 814/524/465 813/522/465
f 498/316/466 499/313/466 1169/313/466 1168/316/466
f 536/213/467 537/212/467 1207/212/467 1206/213/467
f 145/622/468 146/626/468 816/626/468 815/622/468
f 216/107/469 217/105/469 887/105/469 886/107/469
f 196/4/470 197/3/470 867/3/470 866/4/470
f 624/421/471 625/419/471 1295/419/471 1294/421/471
f 476/318/261 477/317/261 1147/317/261 1146/318/261
f 538/211/472 539/214/472 1209/214/472 1208/211/472
f 304/109/473 305/108/473 975/108/473 974/109/473
f 48/518/474 49/525/474 719/525/474 718/518/474
f 195/5/475 196/4/475 866/4/475 865/5/475
f 561/401/476 562/422/476 1232/422/476 1231/401/476
f 73/623/477 74/627/477 744/627/477 743/623/477
f 475/319/478 476/318/478 1146/318/478 1145/319/478
f 539/214/479 540/215/479 1210/215/479 1209/214/479
f 303/110/462 304/109/462 974/109/462 973/110/462
f 194/6/462 195/5/462 865/5/462 864/6/462
f 456/315/480 457/320/480 1127/320/480 1126/315/480
f 25/526/481 26/520/481 696/520/481 695/526/481
f 588/423/482 589/412/482 1259/412/482 1258/423/482
f 96/628/483 1/624/483 671/624/483 766/628/483
f 302/111/484 303/110/484 973/110/484 972/111/484
f 193/7/485 194/6/485 864/6/485 863/7/485
f 535/216/486 536/213/486 1206/213/486 1205/216/486
f 146/626/487 147/629/487 817/629/487 816/626/487
f 301/112/488 302/111/488 972/111/488 971/112/488
f 121/527/489 122/523/489 792/523/489 791/527/489
f 623/424/490 624/421/490 1294/421/490 1293/424/490
f 474/321/491 475/319/491 1145/319/491 1144/321/491
f 540/215/492 541/217/492 1211/217/492 1210/215/492
f 144/524/493 97/528/493 767/528/493 814/524/493
f 641/420/494 642/425/494 1312/425/494 1311/420/494
f 457/320/495 458/322/495 1128/322/495 1127/320/495
f 300/113/462 301/112/462 971/112/462 970/113/462
f 541/217/496 542/218/496 1212/218/496 1211/217/496
f 167/630/497 168/625/497 838/625/497 837/630/497
f 147/629/498 148/631/498 818/631/498 817/629/498
f 306/114/499 300/113/499 970/113/499 976/114/499
f 120/529/500 121/527/500 791/527/500 790/529/500
f 203/9/501 193/7/501 863/7/501 873/9/501
f 670/426/502 623/424/502 1293/424/502 1340/426/502
f 473/323/503 474/321/503 1144/321/503 1143/323/503
f 542/218/504 543/219/504 1213/219/504 1212/218/504
f 305/108/505 306/114/505 976/114/505 975/108/505
f 49/525/506 50/530/506 720/530/506 719/525/506
f 199/1/505 200/10/505 870/10/505 869/1/505
f 642/425/507 643/427/507 1313/427/507 1312/425/507
f 319/116/508 320/115/508 990/115/508 989/116/508
f 200/10/470 201/8/470 871/8/470 870/10/470
f 497/324/509 498/316/509 1168/316/509 1167/324/509
f 166/632/510 167/630/510 837/630/510 836/632/510
f 97/528/511 98/531/511 768/531/511 767/528/511
f 201/8/512 202/11/512 872/11/512 871/8/512
f 643/427/513 644/428/513 1314/428/513 1313/427/513
f 458/322/514 459/325/514 1129/325/514 1128/322/514
f 534/220/515 535/216/515 1205/216/515 1204/220/515
f 74/627/516 75/633/516 745/633/516 744/627/516
f 318/117/517 319/116/517 989/116/517 988/117/517
f 202/11/505 203/9/505 873/9/505 872/11/505
f 543/219/518 544/221/518 1214/221/518 1213/219/518
f 240/13/519 241/12/519 911/12/519 910/13/519
f 317/118/520 318/117/520 988/117/520 987/118/520
f 24/532/521 25/526/521 695/526/521 694/532/521
f 587/429/522 588/423/522 1258/423/522 1257/429/522
f 472/326/523 473/323/523 1143/323/523 1142/326/523
f 544/221/524 545/222/524 1215/222/524 1214/221/524
f 95/634/525 96/628/525 766/628/525 765/634/525
f 320/115/526 321/119/526 991/119/526 990/115/526
f 239/14/527 240/13/527 910/13/527 909/14/527
f 148/631/528 149/635/528 819/635/528 818/631/528
f 119/533/529 120/529/529 790/529/529 789/533/529
f 669/430/530 670/426/530 1340/426/530 1339/430/530
f 471/327/531 472/326/531 1142/326/531 1141/327/531
f 545/222/532 546/223/532 1216/223/532 1215/222/532
f 98/531/533 99/534/533 769/534/533 768/531/533
f 238/15/534 239/14/534 909/14/534 908/15/534
f 644/428/535 645/431/535 1315/431/535 1314/428/535
f 459/325/536 460/328/536 1130/328/536 1129/325/536
f 316/120/537 317/118/537 987/118/537 986/120/537
f 241/12/538 242/16/538 912/16/538 911/12/538
f 165/636/539 166/632/539 836/632/539 835/636/539
f 321/119/540 322/121/540 992/121/540 991/119/540
f 50/530/541 51/535/541 721/535/541 720/530/541
f 562/422/542 563/432/542 1233/432/542 1232/422/542
f 533/224/543 534/220/543 1204/220/543 1203/224/543
f 149/635/544 150/637/544 820/637/544 819/635/544
f 470/329/545 471/327/545 1141/327/545 1140/329/545
f 546/223/546 547/225/546 1217/225/546 1216/223/546
f 237/17/547 238/15/547 908/15/547 907/17/547
f 645/431/548 646/433/548 1316/433/548 1315/431/548
f 460/328/549 461/330/549 1131/330/549 1130/328/549
f 315/122/550 316/120/550 986/120/550 985/122/550
f 23/536/551 24/532/551 694/532/551 693/536/551
f 242/16/552 243/18/552 913/18/552 912/16/552
f 547/225/553 548/226/553 1218/226/553 1217/225/553
f 164/638/554 165/636/554 835/636/554 834/638/554
f 322/121/555 323/123/555 993/123/555 992/121/555
f 75/633/556 76/639/556 746/639/556 745/633/556
f 118/537/557 119/533/557 789/533/557 788/537/557
f 586/434/558 587/429/558 1257/429/558 1256/434/558
f 469/331/559 470/329/559 1140/329/559 1139/331/559
f 323/123/560 324/124/560 994/124/560 993/123/560
f 99/534/561 100/538/561 770/538/561 769/534/561
f 236/19/562 237/17/562 907/17/562 906/19/562
f 532/227/563 533/224/563 1203/224/563 1202/227/563
f 243/18/564 244/20/564 914/20/564 913/18/564
f 668/435/565 669/430/565 1339/430/565 1338/435/565
f 468/332/566 469/331/566 1139/331/566 1138/332/566
f 548/226/567 549/228/567 1219/228/567 1218/226/567
f 94/640/568 95/634/568 765/634/568 764/640/568
f 646/433/569 647/436/569 1317/436/569 1316/433/569
f 461/330/570 462/333/570 1132/333/570 1131/330/570
f 150/637/571 151/641/571 821/641/571 820/637/571
f 314/125/572 315/122/572 985/122/572 984/125/572
f 22/539/573 23/536/573 693/536/573 692/539/573
f 549/228/261 403/229/261 1073/229/261 1219/228/261
f 324/124/574 325/126/574 995/126/574 994/124/574
f 51/535/575 52/540/575 722/540/575 721/535/575
f 235/21/576 236/19/576 906/19/576 905/21/576
f 563/432/577 564/437/577 1234/437/577 1233/432/577
f 403/229/578 404/230/578 1074/230/578 1073/229/578
f 244/20/579 245/22/579 915/22/579 914/20/579
f 496/334/580 497/324/580 1167/324/580 1166/334/580
f 163/642/581 164/638/581 834/638/581 833/642/581
f 647/436/582 648/438/582 1318/438/582 1317/436/582
f 404/230/583 405/231/583 1075/231/583 1074/230/583
f 151/641/584 152/643/584 822/643/584 821/641/584
f 117/541/585 118/537/585 788/537/585 787/541/585
f 467/335/586 468/332/586 1138/332/586 1137/335/586
f 100/538/587 101/542/587 771/542/587 770/538/587
f 234/23/588 235/21/588 905/21/588 904/23/588
f 462/333/589 463/336/589 1133/336/589 1132/333/589
f 405/231/590 406/232/590 1076/232/590 1075/231/590
f 313/128/591 314/125/591 984/125/591 983/128/591
f 245/22/592 246/24/592 916/24/592 915/22/592
f 585/439/593 586/434/593 1256/434/593 1255/439/593
f 162/644/594 163/642/594 833/642/594 832/644/594
f 406/232/595 407/233/595 1077/233/595 1076/232/595
f 76/639/596 77/645/596 747/645/596 746/639/596
f 390/129/597 391/127/597 1061/127/597 1060/129/597
f 21/543/598 22/539/598 692/539/598 691/543/598
f 667/440/599 668/435/599 1338/435/599 1337/440/599
f 466/337/600 467/335/600 1137/335/600 1136/337/600
f 391/127/601 392/130/601 1062/130/601 1061/127/601
f 52/540/602 53/544/602 723/544/602 722/540/602
f 648/438/603 649/441/603 1319/441/603 1318/438/603
f 465/338/604 466/337/604 1136/337/604 1135/338/604
f 407/233/605 408/234/605 1078/234/605 1077/233/605
f 93/646/606 94/640/606 764/640/606 763/646/606
f 263/26/607 264/25/607 934/25/607 933/26/607
f 463/336/608 464/339/608 1134/339/608 1133/336/608
f 152/643/609 153/647/609 823/647/609 822/643/609
f 389/131/610 390/129/610 1060/129/610 1059/131/610
f 116/545/611 117/541/611 787/541/611 786/545/611
f 264/25/612 265/27/612 935/27/612 934/25/612
f 666/442/613 667/440/613 1337/440/613 1336/442/613
f 408/234/614 409/235/614 1079/235/614 1078/234/614
f 392/130/615 393/132/615 1063/132/615 1062/130/615
f 101/542/616 102/546/616 772/546/616 771/542/616
f 265/27/617 266/28/617 936/28/617 935/27/617
f 584/443/618 585/439/618 1255/439/618 1254/443/618
f 464/339/619 465/338/619 1135/338/619 1134/339/619
f 161/648/620 162/644/620 832/644/620 831/648/620
f 325/126/621 326/133/621 996/133/621 995/126/621
f 564/437/622 565/444/622 1235/444/622 1234/437/622
f 531/236/623 532/227/623 1202/227/623 1201/236/623
f 153/647/624 154/649/624 824/649/624 823/647/624
f 20/547/625 21/543/625 691/543/625 690/547/625
f 409/235/626 410/237/626 1080/237/626 1079/235/626
f 53/544/627 54/548/627 724/548/627 723/544/627
f 262/29/628 263/26/628 933/26/628 932/29/628
f 649/441/629 650/445/629 1320/445/629 1319/441/629
f 495/340/630 496/334/630 1166/334/630 1165/340/630
f 312/134/631 313/128/631 983/128/631 982/134/631
f 266/28/632 267/30/632 937/30/632 936/28/632
f 410/237/633 411/238/633 1081/238/633 1080/237/633
f 160/650/634 161/648/634 831/648/634 830/650/634
f 650/445/635 651/446/635 1321/446/635 1320/445/635
f 494/341/636 495/340/636 1165/340/636 1164/341/636
f 154/649/637 155/651/637 825/651/637 824/649/637
f 388/135/638 389/131/638 1059/131/638 1058/135/638
f 115/549/639 116/545/639 786/545/639 785/549/639
f 393/132/640 394/136/640 1064/136/640 1063/132/640
f 102/546/641 103/550/641 773/550/641 772/546/641
f 261/31/642 262/29/642 932/29/642 931/31/642
f 493/342/643 494/341/643 1164/341/643 1163/342/643
f 530/239/644 531/236/644 1201/236/644 1200/239/644
f 665/447/645 666/442/645 1336/442/645 1335/447/645
f 477/317/646 478/343/646 1148/343/646 1147/317/646
f 411/238/647 412/240/647 1082/240/647 1081/238/647
f 159/652/648 160/650/648 830/650/648 829/652/648
f 233/32/649 234/23/649 904/23/649 903/32/649
f 155/651/650 156/653/650 826/653/650 825/651/650
f 387/137/651 388/135/651 1058/135/651 1057/137/651
f 19/551/652 20/547/652 690/547/652 689/551/652
f 246/24/653 247/33/653 917/33/653 916/24/653
f 583/448/654 584/443/654 1254/443/654 1253/448/654
f 478/343/655 479/344/655 1149/344/655 1148/343/655
f 412/240/656 413/241/656 1083/241/656 1082/240/656
f 394/136/657 395/138/657 1065/138/657 1064/136/657
f 54/548/658 55/552/658 725/552/658 724/548/658
f 651/446/659 652/449/659 1322/449/659 1321/446/659
f 267/30/660 268/34/660 938/34/660 937/30/660
f 479/344/661 480/345/661 1150/345/661 1149/344/661
f 413/241/662 414/242/662 1084/242/662 1083/241/662
f 158/654/663 159/652/663 829/652/663 828/654/663
f 565/444/664 566/450/664 1236/450/664 1235/444/664
f 77/645/665 78/655/665 748/655/665 747/645/665
f 386/139/666 387/137/666 1057/137/666 1056/139/666
